session_id,start_timestamp,end_timestamp,length,sequence
test-session-001,1775639492000.0,1775639492000.0,2,PRODUCT|VIEW_PRODUCT|CLICK PRODUCT|ADD_CART|CLICK
b2718b62-d35a-43d6-b13c-8d07aee6524c,1775641625847.0,1775641923052.0,13,HOME|START_SESSION|NONE HOME|ENTER_HOME|NONE HOME|CHECK_PRICE|HOVER_SHORT HOME|INACTIVE|GAP_SHORT HOME|TAB_OUT|NONE HOME|INACTIVE|GAP_MEDIUM HOME|TAB_RETURN|GAP_LONG HOME|TAB_OUT|NONE HOME|TAB_RETURN|GAP_MEDIUM HOME|TAB_OUT|NONE HOME|INACTIVE|GAP_LONG HOME|TAB_RETURN|GAP_LONG HOME|TAB_OUT|NONE
51103c13-7ae7-4008-b600-4f89f5d94219,1775722899418.0,1775724924191.0,64,HOME|START_SESSION|NONE HOME|ENTER_HOME|NONE HOME|TAB_OUT|NONE HOME|TAB_RETURN|GAP_SHORT HOME|TAB_OUT|NONE HOME|INACTIVE|GAP_LONG HOME|TAB_RETURN|GAP_LONG PRODUCT|ENTER_PRODUCT|NONE PRODUCT|CLICK_ELEMENT|CLICK PRODUCT|UNKNOWN_EVENT|time_to_first_click PRODUCT|HOVER_ELEMENT|HOVER_SHORT PRODUCT|INACTIVE|GAP_LONG PRODUCT|TAB_OUT|NONE PRODUCT|TAB_RETURN|GAP_LONG PRODUCT|INACTIVE|GAP_LONG PRODUCT|TAB_OUT|NONE PRODUCT|INACTIVE|GAP_LONG PRODUCT|TAB_RETURN|GAP_LONG PRODUCT|TAB_OUT|NONE PRODUCT|START_SESSION|NONE PRODUCT|CHECK_PRICE|HOVER_LONG PRODUCT|HOVER_ELEMENT|HOVER_SHORT PRODUCT|TAB_OUT|NONE PRODUCT|TAB_RETURN|GAP_SHORT PRODUCT|TAB_OUT|NONE PRODUCT|INACTIVE|GAP_LONG PRODUCT|TAB_RETURN|GAP_LONG PRODUCT|TAB_OUT|NONE PRODUCT|INACTIVE|GAP_LONG PRODUCT|TAB_RETURN|GAP_LONG PRODUCT|TAB_OUT|NONE PRODUCT|TAB_RETURN|GAP_SHORT PRODUCT|TAB_OUT|NONE PRODUCT|INACTIVE|GAP_LONG PRODUCT|TAB_RETURN|GAP_LONG PRODUCT|TAB_OUT|NONE PRODUCT|INACTIVE|GAP_LONG PRODUCT|TAB_RETURN|GAP_LONG PRODUCT|TAB_OUT|NONE PRODUCT|INACTIVE|GAP_LONG PRODUCT|TAB_RETURN|GAP_LONG PRODUCT|TAB_OUT|NONE PRODUCT|INACTIVE|GAP_SHORT PRODUCT|TAB_RETURN|GAP_LONG PRODUCT|TAB_OUT|NONE PRODUCT|TAB_RETURN|GAP_MEDIUM PRODUCT|TAB_OUT|NONE PRODUCT|INACTIVE|GAP_LONG PRODUCT|TAB_RETURN|GAP_LONG PRODUCT|TAB_OUT|NONE PRODUCT|INACTIVE|GAP_LONG PRODUCT|TAB_RETURN|GAP_LONG PRODUCT|TAB_OUT|NONE PRODUCT|TAB_RETURN|GAP_SHORT PRODUCT|TAB_OUT|NONE PRODUCT|INACTIVE|GAP_LONG PRODUCT|TAB_RETURN|GAP_LONG PRODUCT|TAB_OUT|NONE PRODUCT|INACTIVE|GAP_SHORT PRODUCT|TAB_RETURN|GAP_LONG PRODUCT|TAB_OUT|NONE PRODUCT|INACTIVE|GAP_LONG PRODUCT|TAB_RETURN|GAP_LONG PRODUCT|TAB_OUT|NONE
7011b65c-5f92-4987-bf11-33e4674bacac,1775842498340.0,1775842498440.0,3,HOME|START_SESSION|NONE HOME|ENTER_HOME|NONE HOME|EXIT_SESSION|NONE
9df05f31-0432-4345-b5b2-2619899221f2,1775842498906.0,1775842499010.0,3,HOME|START_SESSION|NONE HOME|ENTER_HOME|NONE HOME|EXIT_SESSION|NONE
6ec92418-0b4f-468d-83ac-499cc940a566,1775960813465.0,1775960897879.0,74,HOME|START_SESSION|NONE HOME|ENTER_HOME|NONE HOME|HOVER_ELEMENT|HOVER_SHORT HOME|SCROLL_HOME|SCROLL_LOW HOME|SCROLL_HOME|SCROLL_MID HOME|CHECK_PRICE|HOVER_SHORT HOME|SCROLL_HOME|SCROLL_MID HOME|SCROLL_HOME|SCROLL_HIGH HOME|HOVER_ELEMENT|HOVER_SHORT HOME|SCROLL_HOME|SCROLL_HIGH HOME|SCROLL_HOME|SCROLL_MID HOME|CHECK_PRICE|HOVER_SHORT HOME|SCROLL_HOME|SCROLL_MID HOME|SCROLL_HOME|SCROLL_LOW HOME|HOVER_ELEMENT|HOVER_SHORT HOME|CHECK_PRICE|HOVER_SHORT HOME|TAB_OUT|NONE HOME|TAB_RETURN|GAP_LONG HOME|CHECK_PRICE|HOVER_SHORT PRODUCT|ENTER_PRODUCT|NONE PRODUCT|CLICK_ELEMENT|CLICK PRODUCT|UNKNOWN_EVENT|time_to_first_click PRODUCT|CHECK_PRICE|HOVER_SHORT PRODUCT|HOVER_ELEMENT|HOVER_SHORT PRODUCT|TAB_OUT|NONE PRODUCT|TAB_RETURN|GAP_SHORT PRODUCT|TAB_OUT|NONE PRODUCT|INACTIVE|GAP_SHORT PRODUCT|TAB_RETURN|GAP_LONG PRODUCT|TAB_OUT|NONE PRODUCT|INACTIVE|GAP_MEDIUM PRODUCT|TAB_RETURN|GAP_LONG PRODUCT|CHECK_PRICE|HOVER_SHORT PRODUCT|HOVER_ELEMENT|HOVER_SHORT PRODUCT|ENTER_PRODUCT|NONE PRODUCT|CLICK_ELEMENT|CLICK PRODUCT|HOVER_ELEMENT|HOVER_SHORT PRODUCT|CHECK_PRICE|HOVER_SHORT HOME|ENTER_HOME|NONE HOME|CLICK_ELEMENT|CLICK HOME|HOVER_ELEMENT|HOVER_SHORT HOME|SCROLL_HOME|SCROLL_LOW HOME|SCROLL_HOME|SCROLL_MID HOME|CHECK_PRICE|HOVER_SHORT HOME|SCROLL_HOME|SCROLL_MID HOME|SCROLL_HOME|SCROLL_HIGH HOME|HOVER_ELEMENT|HOVER_SHORT HOME|SCROLL_HOME|SCROLL_HIGH HOME|SCROLL_HOME|SCROLL_MID HOME|SCROLL_HOME|SCROLL_LOW HOME|CHECK_SHIPPING|HOVER_SHORT HOME|SCROLL_HOME|SCROLL_LOW HOME|HOVER_ELEMENT|HOVER_SHORT HOME|UNKNOWN_EVENT|screen_resize HOME|SCROLL_HOME|SCROLL_LOW HOME|SCROLL_HOME|SCROLL_MID HOME|SCROLL_HOME|SCROLL_HIGH CART|ENTER_CART|NONE CART|CLICK_ELEMENT|CLICK CART|SCROLL_PAGE|SCROLL_HIGH CART|SCROLL_PAGE|SCROLL_MID CART|SCROLL_PAGE|SCROLL_LOW CART|HOVER_ELEMENT|HOVER_SHORT CHECKOUT|ENTER_CHECKOUT|NONE CHECKOUT|CLICK_ELEMENT|CLICK CHECKOUT|CLICK_BUY|CLICK CHECKOUT|SCROLL_PAGE|SCROLL_LOW CHECKOUT|SCROLL_PAGE|SCROLL_MID CHECKOUT|SCROLL_PAGE|SCROLL_HIGH CHECKOUT|CLICK_ELEMENT|CLICK CHECKOUT|EDIT_INPUT|CHANGE CHECKOUT|SCROLL_PAGE|SCROLL_HIGH CHECKOUT|SCROLL_PAGE|SCROLL_MID CHECKOUT|SCROLL_PAGE|SCROLL_LOW
e62a58bb-dac5-4dea-bf32-89d533dcd2aa,1775961208762.0,1775961229357.0,20,HOME|START_SESSION|NONE HOME|ENTER_HOME|NONE HOME|CHECK_PRICE|HOVER_SHORT UNKNOWN|ENTER_UNKNOWN|NONE HOME|CLICK_ELEMENT|CLICK HOME|UNKNOWN_EVENT|time_to_first_click HOME|START_INPUT|FOCUS HOME|HOVER_ELEMENT|HOVER_SHORT HOME|EDIT_INPUT|BLUR HOME|ABANDON_INPUT|EMPTY HOME|ENTER_HOME|NONE HOME|CLICK_ELEMENT|CLICK HOME|HOVER_ELEMENT|HOVER_SHORT HOME|SCROLL_HOME|SCROLL_LOW HOME|SCROLL_HOME|SCROLL_MID HOME|SCROLL_HOME|SCROLL_LOW HOME|HOVER_ELEMENT|HOVER_SHORT HOME|TAB_OUT|NONE HOME|TAB_RETURN|GAP_MEDIUM HOME|TAB_OUT|NONE
f1d12e22-ef06-493d-97e7-6cc5aa9ad86d,1776055462621.0,1776060146204.0,60,UNKNOWN|START_SESSION|NONE UNKNOWN|CLICK_ELEMENT|CLICK UNKNOWN|UNKNOWN_EVENT|time_to_first_click UNKNOWN|CLICK_ELEMENT|CLICK UNKNOWN|UNKNOWN_EVENT|repeat_click UNKNOWN|CLICK_ELEMENT|CLICK UNKNOWN|UNKNOWN_EVENT|repeat_click UNKNOWN|CLICK_ELEMENT|CLICK UNKNOWN|UNKNOWN_EVENT|repeat_click UNKNOWN|CLICK_ELEMENT|CLICK UNKNOWN|UNKNOWN_EVENT|repeat_click UNKNOWN|TAB_OUT|NONE UNKNOWN|INACTIVE|GAP_LONG UNKNOWN|START_SESSION|NONE UNKNOWN|CLICK_ELEMENT|CLICK UNKNOWN|UNKNOWN_EVENT|time_to_first_click UNKNOWN|CLICK_ELEMENT|CLICK UNKNOWN|HOVER_ELEMENT|HOVER_SHORT UNKNOWN|CLICK_ELEMENT|CLICK UNKNOWN|HOVER_ELEMENT|HOVER_SHORT UNKNOWN|CLICK_ELEMENT|CLICK UNKNOWN|TAB_OUT|NONE UNKNOWN|START_SESSION|NONE UNKNOWN|CLICK_ELEMENT|CLICK UNKNOWN|UNKNOWN_EVENT|time_to_first_click UNKNOWN|CLICK_ELEMENT|CLICK UNKNOWN|TAB_OUT|NONE UNKNOWN|START_SESSION|NONE UNKNOWN|TAB_OUT|NONE UNKNOWN|START_SESSION|NONE UNKNOWN|INACTIVE|GAP_MEDIUM UNKNOWN|TAB_OUT|NONE UNKNOWN|TAB_RETURN|GAP_SHORT UNKNOWN|CLICK_ELEMENT|CLICK UNKNOWN|UNKNOWN_EVENT|time_to_first_click UNKNOWN|TAB_OUT|NONE UNKNOWN|INACTIVE|GAP_MEDIUM UNKNOWN|INACTIVE|GAP_LONG UNKNOWN|TAB_RETURN|GAP_LONG UNKNOWN|TAB_OUT|NONE UNKNOWN|INACTIVE|GAP_MEDIUM UNKNOWN|TAB_RETURN|GAP_LONG UNKNOWN|INACTIVE|GAP_LONG UNKNOWN|TAB_OUT|NONE UNKNOWN|START_SESSION|NONE UNKNOWN|INACTIVE|GAP_LONG UNKNOWN|TAB_RETURN|GAP_UNKNOWN UNKNOWN|TAB_OUT|NONE UNKNOWN|INACTIVE|GAP_LONG UNKNOWN|TAB_RETURN|GAP_LONG UNKNOWN|TAB_OUT|NONE UNKNOWN|INACTIVE|GAP_LONG UNKNOWN|TAB_RETURN|GAP_LONG UNKNOWN|TAB_OUT|NONE UNKNOWN|INACTIVE|GAP_LONG UNKNOWN|TAB_RETURN|GAP_LONG UNKNOWN|TAB_OUT|NONE UNKNOWN|INACTIVE|GAP_LONG UNKNOWN|TAB_RETURN|GAP_LONG UNKNOWN|TAB_OUT|NONE
08a47b6e-271a-42e7-9d33-35d2fba97176,1776058787390.0,1776059033842.0,37,HOME|START_SESSION|NONE HOME|TAB_OUT|NONE HOME|TAB_RETURN|GAP_MEDIUM HOME|SCROLL_HOME|SCROLL_LOW HOME|SCROLL_HOME|SCROLL_MID HOME|SCROLL_HOME|SCROLL_HIGH HOME|SCROLL_HOME|SCROLL_MID HOME|SCROLL_HOME|SCROLL_LOW HOME|SCROLL_HOME|SCROLL_UNKNOWN HOME|INACTIVE|GAP_SHORT HOME|CLICK_ELEMENT|CLICK HOME|UNKNOWN_EVENT|time_to_first_click HOME|HOVER_ELEMENT|HOVER_LONG HOME|CLICK_ELEMENT|CLICK HOME|HOVER_ELEMENT|HOVER_SHORT HOME|CLICK_ELEMENT|CLICK HOME|HOVER_ELEMENT|HOVER_LONG HOME|CLICK_ELEMENT|CLICK HOME|HOVER_ELEMENT|HOVER_SHORT HOME|START_INPUT|FOCUS HOME|CLICK_ELEMENT|CLICK HOME|EDIT_INPUT|BLUR HOME|ABANDON_INPUT|EMPTY HOME|TAB_OUT|NONE HOME|START_SESSION|NONE HOME|TAB_OUT|NONE HOME|START_SESSION|NONE HOME|TAB_OUT|NONE HOME|INACTIVE|GAP_LONG HOME|TAB_RETURN|GAP_LONG HOME|CLICK_ELEMENT|CLICK HOME|UNKNOWN_EVENT|time_to_first_click HOME|HOVER_ELEMENT|HOVER_SHORT HOME|CLICK_ELEMENT|CLICK HOME|TAB_OUT|NONE HOME|TAB_RETURN|GAP_SHORT HOME|TAB_OUT|NONE
f8700edb-6e70-4a75-b972-bb407974327d,1776059777768.0,1776061980681.0,84,HOME|START_SESSION|NONE HOME|SCROLL_HOME|SCROLL_MID HOME|SCROLL_HOME|SCROLL_LOW HOME|SCROLL_HOME|SCROLL_MID HOME|SCROLL_HOME|SCROLL_HIGH HOME|SCROLL_HOME|SCROLL_MID HOME|SCROLL_HOME|SCROLL_LOW HOME|SCROLL_HOME|SCROLL_UNKNOWN HOME|INACTIVE|GAP_LONG HOME|TAB_OUT|NONE HOME|INACTIVE|GAP_LONG HOME|TAB_RETURN|GAP_LONG HOME|TAB_OUT|NONE HOME|TAB_RETURN|GAP_MEDIUM HOME|CLICK_ELEMENT|CLICK HOME|UNKNOWN_EVENT|time_to_first_click HOME|HOVER_ELEMENT|HOVER_SHORT HOME|ADD_CART|CLICK HOME|ADD_CART|HOVER_SHORT HOME|CLICK_ELEMENT|CLICK HOME|HOVER_ELEMENT|HOVER_SHORT HOME|CLICK_ELEMENT|CLICK HOME|HOVER_ELEMENT|HOVER_SHORT HOME|ADD_CART|CLICK HOME|ADD_CART|HOVER_SHORT HOME|CLICK_ELEMENT|CLICK HOME|HOVER_ELEMENT|HOVER_LONG HOME|CLICK_ELEMENT|CLICK HOME|HOVER_ELEMENT|HOVER_LONG HOME|CLICK_ELEMENT|CLICK HOME|HOVER_ELEMENT|HOVER_LONG HOME|START_INPUT|FOCUS HOME|CLICK_ELEMENT|CLICK HOME|EDIT_INPUT|CHANGE HOME|HOVER_ELEMENT|HOVER_LONG HOME|EDIT_INPUT|BLUR HOME|CLICK_ELEMENT|CLICK HOME|HOVER_ELEMENT|HOVER_SHORT HOME|CLICK_ELEMENT|CLICK HOME|HOVER_ELEMENT|HOVER_SHORT HOME|CLICK_ELEMENT|CLICK HOME|START_INPUT|FOCUS HOME|CLICK_ELEMENT|CLICK HOME|EDIT_INPUT|CHANGE HOME|HOVER_ELEMENT|HOVER_SHORT HOME|EDIT_INPUT|BLUR HOME|CLICK_BUY|CLICK HOME|TAB_OUT|NONE HOME|START_SESSION|NONE HOME|SCROLL_HOME|SCROLL_LOW HOME|CLICK_ELEMENT|CLICK HOME|UNKNOWN_EVENT|time_to_first_click HOME|SCROLL_HOME|SCROLL_UNKNOWN HOME|HOVER_ELEMENT|HOVER_SHORT HOME|ADD_CART|HOVER_SHORT HOME|CLICK_ELEMENT|CLICK HOME|HOVER_ELEMENT|HOVER_SHORT HOME|CLICK_ELEMENT|CLICK HOME|UNKNOWN_EVENT|screen_resize HOME|INACTIVE|GAP_LONG HOME|SCROLL_HOME|SCROLL_LOW HOME|UNKNOWN_EVENT|screen_resize HOME|SCROLL_HOME|SCROLL_LOW HOME|SCROLL_HOME|SCROLL_UNKNOWN HOME|SCROLL_HOME|SCROLL_LOW HOME|SCROLL_HOME|SCROLL_MID HOME|SCROLL_HOME|SCROLL_LOW HOME|SCROLL_HOME|SCROLL_MID HOME|SCROLL_HOME|SCROLL_HIGH HOME|INACTIVE|GAP_MEDIUM HOME|TAB_OUT|NONE HOME|TAB_RETURN|GAP_SHORT HOME|TAB_OUT|NONE HOME|INACTIVE|GAP_LONG HOME|TAB_RETURN|GAP_LONG HOME|SCROLL_HOME|SCROLL_HIGH HOME|SCROLL_HOME|SCROLL_MID HOME|SCROLL_HOME|SCROLL_LOW HOME|SCROLL_HOME|SCROLL_UNKNOWN HOME|TAB_OUT|NONE HOME|INACTIVE|GAP_SHORT HOME|INACTIVE|GAP_LONG HOME|TAB_RETURN|GAP_LONG HOME|TAB_OUT|NONE
fdb238a7-9990-4638-a820-52e71f7a8214,1776061227859.0,1776063426536.0,12,UNKNOWN|START_SESSION|NONE UNKNOWN|TAB_OUT|NONE UNKNOWN|INACTIVE|GAP_LONG UNKNOWN|TAB_RETURN|GAP_LONG UNKNOWN|HOVER_ELEMENT|HOVER_SHORT UNKNOWN|TAB_OUT|NONE UNKNOWN|INACTIVE|GAP_LONG UNKNOWN|TAB_RETURN|GAP_LONG UNKNOWN|TAB_OUT|NONE UNKNOWN|INACTIVE|GAP_LONG UNKNOWN|TAB_RETURN|GAP_LONG UNKNOWN|TAB_OUT|NONE
b365578e-5451-42a4-a3dd-3952b6e07d5d,1776061259655.0,1776132089469.0,91,HOME|START_SESSION|NONE HOME|ENTER_HOME|NONE HOME|CHECK_PRICE|HOVER_SHORT HOME|SCROLL_HOME|SCROLL_LOW HOME|HOVER_ELEMENT|HOVER_SHORT HOME|CHECK_PRICE|HOVER_SHORT HOME|SCROLL_HOME|SCROLL_LOW PRODUCT|ENTER_PRODUCT|NONE PRODUCT|CLICK_ELEMENT|CLICK PRODUCT|UNKNOWN_EVENT|time_to_first_click PRODUCT|SCROLL_PRODUCT|SCROLL_HIGH PRODUCT|SCROLL_PRODUCT|SCROLL_LOW PRODUCT|SCROLL_PRODUCT|SCROLL_MID PRODUCT|SCROLL_PRODUCT|SCROLL_HIGH PRODUCT|CHECK_SHIPPING|HOVER_SHORT PRODUCT|CHECK_PRICE|HOVER_SHORT PRODUCT|HOVER_ELEMENT|HOVER_SHORT PRODUCT|CHECK_PRICE|HOVER_SHORT PRODUCT|SCROLL_PRODUCT|SCROLL_LOW PRODUCT|SCROLL_PRODUCT|SCROLL_UNKNOWN PRODUCT|SCROLL_PRODUCT|SCROLL_HIGH PRODUCT|CHECK_PRICE|HOVER_SHORT PRODUCT|SCROLL_PRODUCT|SCROLL_HIGH PRODUCT|SCROLL_PRODUCT|SCROLL_UNKNOWN PRODUCT|CHECK_SHIPPING|HOVER_SHORT PRODUCT|CHECK_PRICE|HOVER_SHORT PRODUCT|HOVER_ELEMENT|HOVER_SHORT PRODUCT|CHECK_PRICE|HOVER_SHORT PRODUCT|CHECK_SHIPPING|HOVER_SHORT PRODUCT|INACTIVE|GAP_MEDIUM PRODUCT|HOVER_ELEMENT|HOVER_LONG PRODUCT|HOVER_ELEMENT|HOVER_SHORT PRODUCT|TAB_OUT|NONE PRODUCT|INACTIVE|GAP_LONG PRODUCT|TAB_RETURN|GAP_LONG PRODUCT|HOVER_ELEMENT|HOVER_SHORT PRODUCT|TAB_OUT|NONE PRODUCT|INACTIVE|GAP_LONG PRODUCT|TAB_RETURN|GAP_LONG PRODUCT|CHECK_PRICE|HOVER_SHORT PRODUCT|TAB_OUT|NONE PRODUCT|TAB_RETURN|GAP_SHORT PRODUCT|TAB_OUT|NONE PRODUCT|TAB_RETURN|GAP_SHORT PRODUCT|INACTIVE|GAP_LONG PRODUCT|HOVER_ELEMENT|HOVER_LONG PRODUCT|TAB_OUT|NONE PRODUCT|INACTIVE|GAP_LONG PRODUCT|TAB_RETURN|GAP_LONG PRODUCT|CHECK_PRICE|CLICK PRODUCT|CHECK_PRICE|HOVER_SHORT PRODUCT|TAB_OUT|NONE PRODUCT|TAB_RETURN|GAP_SHORT PRODUCT|TAB_OUT|NONE PRODUCT|TAB_RETURN|GAP_SHORT PRODUCT|TAB_OUT|NONE PRODUCT|INACTIVE|GAP_LONG PRODUCT|TAB_RETURN|GAP_LONG PRODUCT|TAB_OUT|NONE PRODUCT|INACTIVE|GAP_LONG PRODUCT|TAB_RETURN|GAP_LONG PRODUCT|INACTIVE|GAP_MEDIUM PRODUCT|TAB_OUT|NONE PRODUCT|INACTIVE|GAP_LONG PRODUCT|TAB_RETURN|GAP_LONG PRODUCT|TAB_OUT|NONE PRODUCT|TAB_RETURN|GAP_LONG PRODUCT|INACTIVE|GAP_LONG PRODUCT|TAB_OUT|NONE PRODUCT|TAB_RETURN|GAP_SHORT PRODUCT|TAB_OUT|NONE PRODUCT|INACTIVE|GAP_LONG PRODUCT|TAB_RETURN|GAP_LONG PRODUCT|TAB_OUT|NONE PRODUCT|INACTIVE|GAP_LONG PRODUCT|TAB_RETURN|GAP_LONG PRODUCT|TAB_OUT|NONE PRODUCT|INACTIVE|GAP_LONG PRODUCT|TAB_RETURN|GAP_LONG PRODUCT|TAB_OUT|NONE PRODUCT|INACTIVE|GAP_LONG PRODUCT|TAB_RETURN|GAP_LONG PRODUCT|UNKNOWN_EVENT|screen_resize PRODUCT|TAB_OUT|NONE PRODUCT|INACTIVE|GAP_LONG PRODUCT|TAB_RETURN|GAP_LONG PRODUCT|HOVER_ELEMENT|HOVER_SHORT PRODUCT|ENTER_PRODUCT|NONE PRODUCT|CLICK_ELEMENT|CLICK PRODUCT|HOVER_ELEMENT|HOVER_SHORT PRODUCT|TAB_OUT|NONE
4641ee55-8750-47f9-af8c-97df418c4285,1776061867609.0,1776062683091.0,34,HOME|START_SESSION|NONE HOME|HOVER_ELEMENT|HOVER_LONG HOME|HOVER_ELEMENT|HOVER_SHORT HOME|CHECK_SHIPPING|HOVER_SHORT HOME|HOVER_ELEMENT|HOVER_SHORT HOME|SCROLL_HOME|SCROLL_LOW HOME|SCROLL_HOME|SCROLL_MID HOME|SCROLL_HOME|SCROLL_LOW HOME|HOVER_ELEMENT|HOVER_SHORT HOME|TAB_OUT|NONE HOME|TAB_RETURN|GAP_MEDIUM HOME|ADD_CART|HOVER_SHORT HOME|INACTIVE|GAP_LONG HOME|HOVER_ELEMENT|HOVER_SHORT HOME|ADD_CART|HOVER_LONG HOME|HOVER_ELEMENT|HOVER_SHORT HOME|ADD_CART|HOVER_LONG HOME|HOVER_ELEMENT|HOVER_LONG HOME|HOVER_ELEMENT|HOVER_SHORT HOME|INACTIVE|GAP_LONG HOME|HOVER_ELEMENT|HOVER_LONG HOME|HOVER_ELEMENT|HOVER_SHORT HOME|ADD_CART|HOVER_SHORT HOME|INACTIVE|GAP_LONG HOME|TAB_OUT|NONE HOME|INACTIVE|GAP_LONG HOME|TAB_RETURN|GAP_LONG HOME|TAB_OUT|NONE HOME|INACTIVE|GAP_LONG HOME|TAB_RETURN|GAP_LONG HOME|HOVER_ELEMENT|HOVER_SHORT HOME|TAB_OUT|NONE HOME|TAB_RETURN|GAP_MEDIUM HOME|TAB_OUT|NONE
b9aa2da0-cbcf-4edc-bd6a-3457afee8680,1776061897806.0,1776062197769.0,43,HOME|START_SESSION|NONE HOME|ENTER_HOME|NONE HOME|CHECK_PRICE|HOVER_SHORT HOME|UNKNOWN_EVENT|screen_resize HOME|SCROLL_HOME|SCROLL_LOW HOME|SCROLL_HOME|SCROLL_UNKNOWN PRODUCT|ENTER_PRODUCT|NONE PRODUCT|CLICK_ELEMENT|CLICK PRODUCT|UNKNOWN_EVENT|time_to_first_click PRODUCT|INACTIVE|GAP_SHORT PRODUCT|SCROLL_PRODUCT|SCROLL_LOW PRODUCT|ZOOM_IMAGE|ZOOM PRODUCT|SCROLL_PRODUCT|SCROLL_LOW PRODUCT|ZOOM_IMAGE|ZOOM PRODUCT|ENTER_PRODUCT|NONE PRODUCT|CLICK_ELEMENT|CLICK PRODUCT|VIEW_PRODUCT|CLICK PRODUCT|SCROLL_PRODUCT|SCROLL_UNKNOWN PRODUCT|INACTIVE|GAP_MEDIUM PRODUCT|CLICK_ELEMENT|CLICK PRODUCT|HOVER_ELEMENT|HOVER_SHORT PRODUCT|CLICK_ELEMENT|CLICK PRODUCT|HOVER_ELEMENT|HOVER_SHORT PRODUCT|CLICK_ELEMENT|CLICK PRODUCT|HOVER_ELEMENT|HOVER_SHORT PRODUCT|CLICK_ELEMENT|CLICK PRODUCT|HOVER_ELEMENT|HOVER_SHORT PRODUCT|ADD_CART|CLICK PRODUCT|ADD_CART|HOVER_SHORT CART|ENTER_CART|NONE CART|CLICK_ELEMENT|CLICK CART|INACTIVE|GAP_LONG CART|HOVER_ELEMENT|HOVER_LONG CHECKOUT|ENTER_CHECKOUT|NONE CHECKOUT|CLICK_ELEMENT|CLICK CHECKOUT|CLICK_BUY|CLICK CHECKOUT|SCROLL_PAGE|SCROLL_LOW CHECKOUT|SCROLL_PAGE|SCROLL_MID CHECKOUT|SCROLL_PAGE|SCROLL_HIGH CHECKOUT|TAB_OUT|NONE CHECKOUT|TAB_RETURN|GAP_LONG CHECKOUT|INACTIVE|GAP_LONG CHECKOUT|TAB_OUT|NONE
87186ff7-43e6-49f3-9f65-c75e6154515b,1776062244131.0,1776063304522.0,347,HOME|START_SESSION|NONE HOME|INACTIVE|GAP_SHORT HOME|CLICK_ELEMENT|CLICK HOME|UNKNOWN_EVENT|time_to_first_click HOME|HOVER_ELEMENT|HOVER_SHORT HOME|ADD_CART|HOVER_SHORT HOME|HOVER_ELEMENT|HOVER_SHORT HOME|INACTIVE|GAP_MEDIUM HOME|HOVER_ELEMENT|HOVER_SHORT HOME|SCROLL_HOME|SCROLL_LOW HOME|CHECK_SHIPPING|HOVER_SHORT HOME|SCROLL_HOME|SCROLL_LOW HOME|CHECK_SHIPPING|HOVER_SHORT HOME|HOVER_ELEMENT|HOVER_SHORT HOME|CLICK_ELEMENT|CLICK HOME|HOVER_ELEMENT|HOVER_SHORT HOME|CHECK_SHIPPING|HOVER_SHORT HOME|INACTIVE|GAP_LONG HOME|ADD_CART|HOVER_SHORT HOME|SCROLL_HOME|SCROLL_LOW HOME|SCROLL_HOME|SCROLL_MID HOME|CHECK_SHIPPING|HOVER_LONG HOME|SCROLL_HOME|SCROLL_MID HOME|HOVER_ELEMENT|HOVER_SHORT PRODUCT|ZOOM_IMAGE|ZOOM HOME|CLICK_ELEMENT|CLICK PRODUCT|ENTER_PRODUCT|NONE PRODUCT|SCROLL_PRODUCT|SCROLL_UNKNOWN PRODUCT|ZOOM_IMAGE|ZOOM PRODUCT|SCROLL_PRODUCT|SCROLL_LOW PRODUCT|ZOOM_IMAGE|ZOOM PRODUCT|SCROLL_PRODUCT|SCROLL_LOW PRODUCT|ZOOM_IMAGE|ZOOM PRODUCT|SCROLL_PRODUCT|SCROLL_LOW PRODUCT|ZOOM_IMAGE|ZOOM PRODUCT|SCROLL_PRODUCT|SCROLL_LOW PRODUCT|ZOOM_IMAGE|ZOOM PRODUCT|SCROLL_PRODUCT|SCROLL_LOW PRODUCT|ZOOM_IMAGE|ZOOM PRODUCT|SCROLL_PRODUCT|SCROLL_MID PRODUCT|ZOOM_IMAGE|ZOOM PRODUCT|HOVER_ELEMENT|HOVER_SHORT PRODUCT|ADD_CART|HOVER_SHORT PRODUCT|ADD_CART|CLICK PRODUCT|ADD_CART|HOVER_SHORT PRODUCT|HOVER_ELEMENT|HOVER_SHORT PRODUCT|VIEW_REVIEW|HOVER_SHORT PRODUCT|ADD_CART|CLICK CART|ENTER_CART|NONE CART|SCROLL_PAGE|SCROLL_UNKNOWN CART|HOVER_ELEMENT|HOVER_SHORT CART|INACTIVE|GAP_LONG CART|START_INPUT|FOCUS CART|CLICK_ELEMENT|CLICK CART|HOVER_ELEMENT|HOVER_SHORT CART|EDIT_INPUT|BLUR CART|ABANDON_INPUT|EMPTY CART|CHECK_PRICE|HOVER_LONG CART|START_INPUT|FOCUS CART|CLICK_ELEMENT|CLICK CART|EDIT_INPUT|CHANGE CART|EDIT_INPUT|BLUR CART|CHECK_SHIPPING|HOVER_SHORT CART|INACTIVE|GAP_MEDIUM CART|SCROLL_PAGE|SCROLL_LOW CART|SCROLL_PAGE|SCROLL_MID CART|CHECK_PRICE|HOVER_SHORT CART|START_INPUT|FOCUS CART|CLICK_ELEMENT|CLICK CART|EDIT_INPUT|CHANGE CART|HOVER_ELEMENT|HOVER_SHORT CART|EDIT_INPUT|CHANGE CART|SCROLL_PAGE|SCROLL_MID CART|ADD_CART|HOVER_SHORT CART|CLICK_ELEMENT|CLICK CART|EDIT_INPUT|CHANGE CART|HOVER_ELEMENT|HOVER_LONG CART|EDIT_INPUT|BLUR CART|START_INPUT|FOCUS CART|HOVER_ELEMENT|HOVER_SHORT CART|CLICK_ELEMENT|CLICK CART|EDIT_INPUT|CHANGE CART|HOVER_ELEMENT|HOVER_SHORT CART|CHECK_SHIPPING|HOVER_SHORT CART|CHECK_PRICE|HOVER_LONG CART|CHECK_SHIPPING|HOVER_SHORT CART|EDIT_INPUT|BLUR CART|ABANDON_INPUT|EMPTY CART|CLICK_ELEMENT|CLICK CART|START_INPUT|FOCUS CART|CLICK_ELEMENT|CLICK CART|EDIT_INPUT|CHANGE CART|HOVER_ELEMENT|HOVER_SHORT CART|EDIT_INPUT|BLUR CART|INACTIVE|GAP_LONG CART|START_INPUT|FOCUS CART|EDIT_INPUT|BLUR CART|CLICK_ELEMENT|CLICK CART|START_INPUT|FOCUS CART|CLICK_ELEMENT|CLICK CART|EDIT_INPUT|CHANGE CART|HOVER_ELEMENT|HOVER_SHORT CART|EDIT_INPUT|BLUR CART|CHECK_PRICE|HOVER_SHORT CART|HOVER_ELEMENT|HOVER_SHORT CART|SCROLL_PAGE|SCROLL_MID CART|CHECK_PRICE|HOVER_SHORT CART|START_INPUT|FOCUS CART|EDIT_INPUT|BLUR CART|CLICK_ELEMENT|CLICK CHECKOUT|ENTER_CHECKOUT|NONE CHECKOUT|SCROLL_PAGE|SCROLL_UNKNOWN CHECKOUT|HOVER_ELEMENT|HOVER_SHORT CHECKOUT|CHECK_PRICE|HOVER_SHORT CHECKOUT|SCROLL_PAGE|SCROLL_LOW CHECKOUT|SCROLL_PAGE|SCROLL_MID CHECKOUT|CHECK_PRICE|HOVER_SHORT CHECKOUT|SCROLL_PAGE|SCROLL_MID CHECKOUT|SCROLL_PAGE|SCROLL_HIGH CHECKOUT|HOVER_ELEMENT|HOVER_SHORT CHECKOUT|SCROLL_PAGE|SCROLL_MID CHECKOUT|SCROLL_PAGE|SCROLL_LOW CHECKOUT|SCROLL_PAGE|SCROLL_UNKNOWN CHECKOUT|HOVER_ELEMENT|HOVER_SHORT CHECKOUT|CHECK_PRICE|HOVER_SHORT CHECKOUT|ADD_CART|HOVER_SHORT CHECKOUT|SCROLL_PAGE|SCROLL_LOW CHECKOUT|HOVER_ELEMENT|HOVER_SHORT CHECKOUT|ADD_CART|HOVER_SHORT CHECKOUT|SCROLL_PAGE|SCROLL_LOW CHECKOUT|CHECK_PRICE|HOVER_SHORT CHECKOUT|SCROLL_PAGE|SCROLL_LOW CHECKOUT|SCROLL_PAGE|SCROLL_MID CHECKOUT|HOVER_ELEMENT|HOVER_SHORT CHECKOUT|SCROLL_PAGE|SCROLL_MID CHECKOUT|INACTIVE|GAP_SHORT CHECKOUT|HOVER_ELEMENT|HOVER_SHORT CHECKOUT|SCROLL_PAGE|SCROLL_MID CHECKOUT|SCROLL_PAGE|SCROLL_LOW CHECKOUT|CHECK_PRICE|HOVER_SHORT CHECKOUT|ADD_CART|HOVER_SHORT CHECKOUT|ADD_CART|CLICK HOME|ENTER_HOME|NONE HOME|ADD_CART|HOVER_SHORT HOME|START_SESSION|NONE HOME|CHECK_SHIPPING|HOVER_LONG PRODUCT|ZOOM_IMAGE|ZOOM HOME|SCROLL_HOME|SCROLL_LOW PRODUCT|ZOOM_IMAGE|ZOOM HOME|SCROLL_HOME|SCROLL_LOW PRODUCT|ZOOM_IMAGE|ZOOM HOME|SCROLL_HOME|SCROLL_LOW PRODUCT|ZOOM_IMAGE|ZOOM HOME|SCROLL_HOME|SCROLL_LOW PRODUCT|ZOOM_IMAGE|ZOOM HOME|SCROLL_HOME|SCROLL_LOW PRODUCT|ZOOM_IMAGE|ZOOM HOME|SCROLL_HOME|SCROLL_LOW PRODUCT|ZOOM_IMAGE|ZOOM HOME|HOVER_ELEMENT|HOVER_SHORT PRODUCT|ZOOM_IMAGE|ZOOM HOME|SCROLL_HOME|SCROLL_LOW PRODUCT|ZOOM_IMAGE|ZOOM HOME|SCROLL_HOME|SCROLL_LOW PRODUCT|ZOOM_IMAGE|ZOOM HOME|SCROLL_HOME|SCROLL_LOW PRODUCT|ZOOM_IMAGE|ZOOM HOME|SCROLL_HOME|SCROLL_LOW PRODUCT|ZOOM_IMAGE|ZOOM HOME|SCROLL_HOME|SCROLL_LOW PRODUCT|ZOOM_IMAGE|ZOOM HOME|SCROLL_HOME|SCROLL_LOW PRODUCT|ZOOM_IMAGE|ZOOM HOME|SCROLL_HOME|SCROLL_LOW PRODUCT|ZOOM_IMAGE|ZOOM HOME|SCROLL_HOME|SCROLL_LOW PRODUCT|ZOOM_IMAGE|ZOOM HOME|HOVER_ELEMENT|HOVER_SHORT PRODUCT|ZOOM_IMAGE|ZOOM HOME|START_SESSION|NONE HOME|HOVER_ELEMENT|HOVER_SHORT HOME|ADD_CART|HOVER_SHORT HOME|CLICK_ELEMENT|CLICK HOME|UNKNOWN_EVENT|time_to_first_click HOME|ENTER_HOME|NONE HOME|CLICK_ELEMENT|CLICK HOME|SCROLL_HOME|SCROLL_LOW HOME|HOVER_ELEMENT|HOVER_SHORT HOME|CLICK_ELEMENT|CLICK HOME|SCROLL_HOME|SCROLL_LOW HOME|HOVER_ELEMENT|HOVER_SHORT HOME|CLICK_ELEMENT|CLICK PRODUCT|ENTER_PRODUCT|NONE PRODUCT|SCROLL_PRODUCT|SCROLL_UNKNOWN PRODUCT|VIEW_REVIEW|HOVER_SHORT PRODUCT|ADD_CART|HOVER_SHORT PRODUCT|HOVER_ELEMENT|HOVER_SHORT PRODUCT|CLICK_ELEMENT|CLICK PRODUCT|HOVER_ELEMENT|HOVER_SHORT PRODUCT|CLICK_ELEMENT|CLICK PRODUCT|HOVER_ELEMENT|HOVER_SHORT PRODUCT|SCROLL_PRODUCT|SCROLL_LOW PRODUCT|SCROLL_PRODUCT|SCROLL_MID PRODUCT|SCROLL_PRODUCT|SCROLL_HIGH PRODUCT|VIEW_REVIEW|HOVER_SHORT PRODUCT|SCROLL_PRODUCT|SCROLL_HIGH PRODUCT|SCROLL_PRODUCT|SCROLL_MID PRODUCT|SCROLL_PRODUCT|SCROLL_LOW PRODUCT|SCROLL_PRODUCT|SCROLL_UNKNOWN PRODUCT|HOVER_ELEMENT|HOVER_SHORT PRODUCT|CLICK_ELEMENT|CLICK PRODUCT|SCROLL_PRODUCT|SCROLL_LOW PRODUCT|HOVER_ELEMENT|HOVER_SHORT PRODUCT|SCROLL_PRODUCT|SCROLL_MID PRODUCT|SCROLL_PRODUCT|SCROLL_HIGH PRODUCT|SCROLL_PRODUCT|SCROLL_MID PRODUCT|SCROLL_PRODUCT|SCROLL_LOW PRODUCT|HOVER_ELEMENT|HOVER_SHORT PRODUCT|CLICK_ELEMENT|CLICK PRODUCT|HOVER_ELEMENT|HOVER_SHORT PRODUCT|CLICK_ELEMENT|CLICK PRODUCT|HOVER_ELEMENT|HOVER_SHORT PRODUCT|SCROLL_PRODUCT|SCROLL_LOW PRODUCT|HOVER_ELEMENT|HOVER_SHORT PRODUCT|CLICK_ELEMENT|CLICK PRODUCT|HOVER_ELEMENT|HOVER_SHORT PRODUCT|CLICK_ELEMENT|CLICK PRODUCT|HOVER_ELEMENT|HOVER_SHORT PRODUCT|CLICK_ELEMENT|CLICK PRODUCT|HOVER_ELEMENT|HOVER_SHORT PRODUCT|SCROLL_PRODUCT|SCROLL_LOW PRODUCT|SCROLL_PRODUCT|SCROLL_MID PRODUCT|HOVER_ELEMENT|HOVER_SHORT PRODUCT|SCROLL_PRODUCT|SCROLL_HIGH PRODUCT|SCROLL_PRODUCT|SCROLL_MID PRODUCT|SCROLL_PRODUCT|SCROLL_LOW HOME|START_SESSION|NONE HOME|HOVER_ELEMENT|HOVER_SHORT HOME|INACTIVE|GAP_MEDIUM PRODUCT|ZOOM_IMAGE|ZOOM HOME|SCROLL_HOME|SCROLL_LOW PRODUCT|ZOOM_IMAGE|ZOOM HOME|SCROLL_HOME|SCROLL_LOW PRODUCT|ZOOM_IMAGE|ZOOM HOME|SCROLL_HOME|SCROLL_LOW PRODUCT|ZOOM_IMAGE|ZOOM HOME|SCROLL_HOME|SCROLL_LOW PRODUCT|ZOOM_IMAGE|ZOOM HOME|SCROLL_HOME|SCROLL_LOW PRODUCT|ZOOM_IMAGE|ZOOM HOME|HOVER_ELEMENT|HOVER_SHORT PRODUCT|ZOOM_IMAGE|ZOOM HOME|SCROLL_HOME|SCROLL_MID PRODUCT|ZOOM_IMAGE|ZOOM HOME|SCROLL_HOME|SCROLL_LOW PRODUCT|ZOOM_IMAGE|ZOOM HOME|SCROLL_HOME|SCROLL_LOW PRODUCT|ZOOM_IMAGE|ZOOM HOME|SCROLL_HOME|SCROLL_LOW HOME|HOVER_ELEMENT|HOVER_SHORT HOME|SCROLL_HOME|SCROLL_LOW HOME|HOVER_ELEMENT|HOVER_SHORT HOME|SCROLL_HOME|SCROLL_LOW PRODUCT|ZOOM_IMAGE|ZOOM HOME|SCROLL_HOME|SCROLL_LOW PRODUCT|ZOOM_IMAGE|ZOOM HOME|SCROLL_HOME|SCROLL_LOW PRODUCT|ZOOM_IMAGE|ZOOM HOME|HOVER_ELEMENT|HOVER_SHORT PRODUCT|ZOOM_IMAGE|ZOOM HOME|SCROLL_HOME|SCROLL_LOW PRODUCT|ZOOM_IMAGE|ZOOM HOME|SCROLL_HOME|SCROLL_LOW PRODUCT|ZOOM_IMAGE|ZOOM HOME|SCROLL_HOME|SCROLL_LOW PRODUCT|ZOOM_IMAGE|ZOOM HOME|SCROLL_HOME|SCROLL_LOW PRODUCT|ZOOM_IMAGE|ZOOM HOME|HOVER_ELEMENT|HOVER_SHORT PRODUCT|ZOOM_IMAGE|ZOOM HOME|SCROLL_HOME|SCROLL_LOW PRODUCT|ZOOM_IMAGE|ZOOM HOME|SCROLL_HOME|SCROLL_LOW PRODUCT|ZOOM_IMAGE|ZOOM HOME|SCROLL_HOME|SCROLL_LOW PRODUCT|ZOOM_IMAGE|ZOOM HOME|SCROLL_HOME|SCROLL_LOW PRODUCT|ZOOM_IMAGE|ZOOM HOME|HOVER_ELEMENT|HOVER_SHORT PRODUCT|ZOOM_IMAGE|ZOOM HOME|SCROLL_HOME|SCROLL_LOW PRODUCT|ZOOM_IMAGE|ZOOM HOME|SCROLL_HOME|SCROLL_LOW PRODUCT|ZOOM_IMAGE|ZOOM HOME|SCROLL_HOME|SCROLL_LOW PRODUCT|ZOOM_IMAGE|ZOOM HOME|SCROLL_HOME|SCROLL_LOW PRODUCT|ZOOM_IMAGE|ZOOM HOME|SCROLL_HOME|SCROLL_LOW PRODUCT|ZOOM_IMAGE|ZOOM HOME|SCROLL_HOME|SCROLL_LOW PRODUCT|ZOOM_IMAGE|ZOOM HOME|HOVER_ELEMENT|HOVER_SHORT HOME|SCROLL_HOME|SCROLL_LOW HOME|SCROLL_HOME|SCROLL_UNKNOWN HOME|CHECK_SHIPPING|HOVER_SHORT HOME|CLICK_ELEMENT|CLICK HOME|UNKNOWN_EVENT|time_to_first_click HOME|CLICK_ELEMENT|CLICK HOME|HOVER_ELEMENT|HOVER_SHORT HOME|CHECK_PRICE|CLICK HOME|CHECK_PRICE|HOVER_SHORT HOME|CHECK_SHIPPING|HOVER_SHORT HOME|CHECK_SHIPPING|CLICK HOME|CHECK_SHIPPING|HOVER_SHORT HOME|CHECK_SHIPPING|CLICK HOME|CHECK_SHIPPING|HOVER_SHORT HOME|CHECK_SHIPPING|CLICK HOME|HOVER_ELEMENT|HOVER_SHORT HOME|CHECK_SHIPPING|CLICK HOME|CHECK_SHIPPING|HOVER_SHORT PRODUCT|ZOOM_IMAGE|ZOOM HOME|SCROLL_HOME|SCROLL_LOW PRODUCT|ZOOM_IMAGE|ZOOM HOME|SCROLL_HOME|SCROLL_LOW PRODUCT|ZOOM_IMAGE|ZOOM HOME|SCROLL_HOME|SCROLL_LOW PRODUCT|ZOOM_IMAGE|ZOOM HOME|SCROLL_HOME|SCROLL_LOW PRODUCT|ZOOM_IMAGE|ZOOM HOME|SCROLL_HOME|SCROLL_MID PRODUCT|ZOOM_IMAGE|ZOOM HOME|SCROLL_HOME|SCROLL_MID PRODUCT|ZOOM_IMAGE|ZOOM HOME|HOVER_ELEMENT|HOVER_SHORT PRODUCT|ZOOM_IMAGE|ZOOM HOME|CLICK_ELEMENT|CLICK HOME|HOVER_ELEMENT|HOVER_SHORT PRODUCT|ENTER_PRODUCT|NONE PRODUCT|SCROLL_PRODUCT|SCROLL_UNKNOWN PRODUCT|HOVER_ELEMENT|HOVER_SHORT PRODUCT|CLICK_ELEMENT|CLICK PRODUCT|HOVER_ELEMENT|HOVER_SHORT PRODUCT|CLICK_ELEMENT|CLICK PRODUCT|HOVER_ELEMENT|HOVER_SHORT PRODUCT|CLICK_ELEMENT|CLICK PRODUCT|HOVER_ELEMENT|HOVER_SHORT
af77bb43-e98e-4f06-8957-8a2a0176e094,1776062629268.0,1776062630402.0,2,HOME|START_SESSION|NONE HOME|EXIT_BOUNCE|NONE
9ae8c9c9-4b89-41a5-aed4-e6fba4193b99,1776062630053.0,1776062631219.0,2,HOME|START_SESSION|NONE HOME|EXIT_BOUNCE|NONE
75e37b2a-2c83-4123-99c5-90a06ed9ca1c,1776656178779.0,1776667921126.0,120,HOME|START_SESSION|NONE HOME|TAB_OUT|NONE HOME|INACTIVE|GAP_LONG HOME|TAB_RETURN|GAP_LONG HOME|UNKNOWN_EVENT|screen_resize HOME|CLICK_ELEMENT|CLICK HOME|UNKNOWN_EVENT|time_to_first_click HOME|ENTER_HOME|NONE HOME|HOVER_ELEMENT|HOVER_SHORT PRODUCT|ZOOM_IMAGE|ZOOM HOME|SCROLL_HOME|SCROLL_LOW PRODUCT|ZOOM_IMAGE|ZOOM HOME|SCROLL_HOME|SCROLL_LOW HOME|CLICK_ELEMENT|CLICK PRODUCT|ENTER_PRODUCT|NONE PRODUCT|SCROLL_PRODUCT|SCROLL_UNKNOWN PRODUCT|TAB_OUT|NONE PRODUCT|INACTIVE|GAP_MEDIUM PRODUCT|TAB_RETURN|GAP_LONG PRODUCT|ADD_CART|CLICK PRODUCT|ADD_CART|HOVER_SHORT PRODUCT|ADD_CART|CLICK CART|ENTER_CART|NONE CART|CHECK_PRICE|HOVER_SHORT CART|HOVER_ELEMENT|HOVER_SHORT CART|CHECK_PRICE|HOVER_SHORT CART|CLICK_ELEMENT|CLICK HOME|ENTER_HOME|NONE HOME|HOVER_ELEMENT|HOVER_SHORT HOME|CLICK_ELEMENT|CLICK HOME|HOVER_ELEMENT|HOVER_SHORT HOME|CLICK_ELEMENT|CLICK HOME|HOVER_ELEMENT|HOVER_SHORT HOME|CLICK_ELEMENT|CLICK HOME|SCROLL_HOME|SCROLL_LOW HOME|HOVER_ELEMENT|HOVER_SHORT HOME|SCROLL_HOME|SCROLL_LOW HOME|CLICK_ELEMENT|CLICK HOME|HOVER_ELEMENT|HOVER_SHORT PRODUCT|ENTER_PRODUCT|NONE PRODUCT|SCROLL_PRODUCT|SCROLL_UNKNOWN PRODUCT|TAB_OUT|NONE PRODUCT|INACTIVE|GAP_LONG PRODUCT|TAB_RETURN|GAP_LONG PRODUCT|INACTIVE|GAP_LONG PRODUCT|TAB_OUT|NONE PRODUCT|INACTIVE|GAP_LONG PRODUCT|TAB_RETURN|GAP_LONG PRODUCT|INACTIVE|GAP_LONG PRODUCT|ADD_CART|CLICK PRODUCT|ADD_CART|HOVER_SHORT PRODUCT|ADD_CART|CLICK PRODUCT|ADD_CART|HOVER_SHORT PRODUCT|ADD_CART|CLICK HOME|ENTER_HOME|NONE HOME|ADD_CART|CLICK HOME|ENTER_HOME|NONE HOME|ADD_CART|HOVER_SHORT PRODUCT|ZOOM_IMAGE|ZOOM HOME|SCROLL_HOME|SCROLL_LOW HOME|HOVER_ELEMENT|HOVER_SHORT HOME|SCROLL_HOME|SCROLL_LOW HOME|SCROLL_HOME|SCROLL_MID HOME|HOVER_ELEMENT|HOVER_SHORT HOME|TAB_OUT|NONE HOME|TAB_RETURN|GAP_MEDIUM HOME|SCROLL_HOME|SCROLL_MID PRODUCT|ZOOM_IMAGE|ZOOM HOME|SCROLL_HOME|SCROLL_MID HOME|SCROLL_HOME|SCROLL_HIGH HOME|CHECK_SHIPPING|HOVER_SHORT HOME|HOVER_ELEMENT|HOVER_SHORT HOME|SCROLL_HOME|SCROLL_HIGH HOME|SCROLL_HOME|SCROLL_MID PRODUCT|ZOOM_IMAGE|ZOOM HOME|SCROLL_HOME|SCROLL_MID HOME|SCROLL_HOME|SCROLL_LOW HOME|SCROLL_HOME|SCROLL_UNKNOWN HOME|START_INPUT|FOCUS HOME|CLICK_ELEMENT|CLICK HOME|EDIT_INPUT|CHANGE HOME|HOVER_ELEMENT|HOVER_SHORT PRODUCT|ZOOM_IMAGE|ZOOM HOME|SCROLL_HOME|SCROLL_LOW PRODUCT|ZOOM_IMAGE|ZOOM HOME|SCROLL_HOME|SCROLL_LOW PRODUCT|ZOOM_IMAGE|ZOOM HOME|HOVER_ELEMENT|HOVER_SHORT HOME|EDIT_INPUT|CHANGE PRODUCT|ENTER_PRODUCT|NONE PRODUCT|HOVER_ELEMENT|HOVER_SHORT PRODUCT|EDIT_INPUT|BLUR PRODUCT|CLICK_ELEMENT|CLICK PRODUCT|ENTER_PRODUCT|NONE PRODUCT|HOVER_ELEMENT|HOVER_SHORT PRODUCT|ENTER_PRODUCT|NONE PRODUCT|INACTIVE|GAP_SHORT PRODUCT|TAB_OUT|NONE PRODUCT|INACTIVE|GAP_LONG PRODUCT|TAB_RETURN|GAP_LONG PRODUCT|INACTIVE|GAP_LONG PRODUCT|TAB_OUT|NONE PRODUCT|INACTIVE|GAP_LONG PRODUCT|TAB_RETURN|GAP_LONG PRODUCT|TAB_OUT|NONE PRODUCT|TAB_RETURN|GAP_LONG PRODUCT|INACTIVE|GAP_LONG PRODUCT|TAB_OUT|NONE PRODUCT|TAB_RETURN|GAP_SHORT PRODUCT|TAB_OUT|NONE PRODUCT|INACTIVE|GAP_LONG PRODUCT|TAB_RETURN|GAP_LONG PRODUCT|TAB_OUT|NONE PRODUCT|TAB_RETURN|GAP_LONG PRODUCT|INACTIVE|GAP_LONG PRODUCT|ADD_CART|CLICK HOME|ENTER_HOME|NONE HOME|ADD_CART|HOVER_SHORT HOME|INACTIVE|GAP_LONG HOME|TAB_OUT|NONE
3bd4623a-e84f-4c4a-83a5-b6f0ede15258,1776656182239.0,1776669985572.0,101,HOME|START_SESSION|NONE HOME|ENTER_HOME|NONE HOME|TAB_OUT|NONE HOME|INACTIVE|GAP_LONG HOME|TAB_RETURN|GAP_LONG HOME|TAB_OUT|NONE HOME|TAB_RETURN|GAP_MEDIUM HOME|HOVER_ELEMENT|HOVER_SHORT PRODUCT|ENTER_PRODUCT|NONE PRODUCT|CLICK_ELEMENT|CLICK PRODUCT|UNKNOWN_EVENT|time_to_first_click PRODUCT|HOVER_ELEMENT|HOVER_SHORT PRODUCT|TAB_OUT|NONE PRODUCT|INACTIVE|GAP_SHORT PRODUCT|TAB_RETURN|GAP_LONG PRODUCT|UNKNOWN_EVENT|screen_resize PRODUCT|HOVER_ELEMENT|HOVER_SHORT PRODUCT|INACTIVE|GAP_MEDIUM PRODUCT|HOVER_ELEMENT|HOVER_LONG PRODUCT|HOVER_ELEMENT|HOVER_SHORT PRODUCT|TAB_OUT|NONE PRODUCT|INACTIVE|GAP_LONG PRODUCT|TAB_RETURN|GAP_LONG PRODUCT|TAB_OUT|NONE PRODUCT|INACTIVE|GAP_LONG PRODUCT|TAB_RETURN|GAP_LONG PRODUCT|TAB_OUT|NONE PRODUCT|INACTIVE|GAP_LONG PRODUCT|TAB_RETURN|GAP_LONG PRODUCT|INACTIVE|GAP_LONG PRODUCT|TAB_OUT|NONE PRODUCT|INACTIVE|GAP_LONG PRODUCT|TAB_RETURN|GAP_LONG PRODUCT|HOVER_ELEMENT|HOVER_SHORT PRODUCT|ENTER_PRODUCT|NONE PRODUCT|CLICK_ELEMENT|CLICK PRODUCT|HOVER_ELEMENT|HOVER_SHORT PRODUCT|TAB_OUT|NONE PRODUCT|TAB_RETURN|GAP_MEDIUM PRODUCT|INACTIVE|GAP_LONG PRODUCT|HOVER_ELEMENT|HOVER_LONG PRODUCT|HOVER_ELEMENT|HOVER_SHORT PRODUCT|ENTER_PRODUCT|NONE PRODUCT|CLICK_ELEMENT|CLICK PRODUCT|VIEW_PRODUCT|CLICK PRODUCT|VIEW_REVIEW|HOVER_SHORT PRODUCT|HOVER_ELEMENT|HOVER_SHORT PRODUCT|SCROLL_PRODUCT|SCROLL_MID PRODUCT|SCROLL_PRODUCT|SCROLL_LOW PRODUCT|SCROLL_PRODUCT|SCROLL_HIGH PRODUCT|SCROLL_PRODUCT|SCROLL_MID PRODUCT|SCROLL_PRODUCT|SCROLL_HIGH PRODUCT|HOVER_ELEMENT|HOVER_SHORT PRODUCT|CLICK_ELEMENT|CLICK PRODUCT|HOVER_ELEMENT|HOVER_SHORT PRODUCT|ENTER_PRODUCT|NONE PRODUCT|SCROLL_PRODUCT|SCROLL_UNKNOWN PRODUCT|CHECK_PRICE|HOVER_SHORT PRODUCT|HOVER_ELEMENT|HOVER_SHORT PRODUCT|TAB_OUT|NONE PRODUCT|INACTIVE|GAP_LONG PRODUCT|TAB_RETURN|GAP_LONG PRODUCT|HOVER_ELEMENT|HOVER_SHORT PRODUCT|CHECK_PRICE|HOVER_SHORT PRODUCT|TAB_OUT|NONE PRODUCT|START_SESSION|NONE PRODUCT|ENTER_PRODUCT|NONE PRODUCT|CLICK_ELEMENT|CLICK PRODUCT|UNKNOWN_EVENT|time_to_first_click PRODUCT|VIEW_PRODUCT|CLICK PRODUCT|TAB_OUT|NONE PRODUCT|TAB_RETURN|GAP_SHORT PRODUCT|CLICK_ELEMENT|CLICK PRODUCT|HOVER_ELEMENT|HOVER_SHORT PRODUCT|ADD_CART|HOVER_SHORT PRODUCT|TAB_OUT|NONE PRODUCT|INACTIVE|GAP_MEDIUM PRODUCT|TAB_RETURN|GAP_LONG PRODUCT|ENTER_PRODUCT|NONE PRODUCT|CLICK_ELEMENT|CLICK PRODUCT|UNKNOWN_EVENT|time_to_first_click PRODUCT|VIEW_PRODUCT|CLICK PRODUCT|HOVER_ELEMENT|HOVER_SHORT PRODUCT|TAB_OUT|NONE PRODUCT|TAB_RETURN|GAP_MEDIUM PRODUCT|HOVER_ELEMENT|HOVER_SHORT PRODUCT|ZOOM_IMAGE|ZOOM PRODUCT|SCROLL_PRODUCT|SCROLL_LOW PRODUCT|SCROLL_PRODUCT|SCROLL_MID PRODUCT|SCROLL_PRODUCT|SCROLL_LOW PRODUCT|SCROLL_PRODUCT|SCROLL_HIGH PRODUCT|SCROLL_PRODUCT|SCROLL_MID PRODUCT|HOVER_ELEMENT|HOVER_SHORT PRODUCT|ZOOM_IMAGE|ZOOM PRODUCT|SCROLL_PRODUCT|SCROLL_MID PRODUCT|SCROLL_PRODUCT|SCROLL_LOW PRODUCT|HOVER_ELEMENT|HOVER_SHORT PRODUCT|ZOOM_IMAGE|ZOOM PRODUCT|SCROLL_PRODUCT|SCROLL_LOW PRODUCT|SCROLL_PRODUCT|SCROLL_UNKNOWN PRODUCT|TAB_OUT|NONE
7af98a9d-8a8b-4c78-9553-c3815e5d9f07,1776656788407.0,1776668556137.0,67,PRODUCT|START_SESSION|NONE PRODUCT|INACTIVE|GAP_LONG PRODUCT|ENTER_PRODUCT|NONE HOME|START_SESSION|NONE PRODUCT|INACTIVE|GAP_MEDIUM HOME|INACTIVE|GAP_MEDIUM PRODUCT|INACTIVE|GAP_LONG PRODUCT|ENTER_PRODUCT|NONE HOME|INACTIVE|GAP_LONG HOME|UNKNOWN_EVENT|screen_resize HOME|INACTIVE|GAP_LONG HOME|UNKNOWN_EVENT|screen_resize PRODUCT|START_SESSION|NONE HOME|TAB_OUT|NONE PRODUCT|INACTIVE|GAP_SHORT PRODUCT|TAB_RETURN|GAP_UNKNOWN PRODUCT|UNKNOWN_EVENT|screen_resize PRODUCT|TAB_OUT|NONE PRODUCT|INACTIVE|GAP_LONG PRODUCT|ADD_CART|CLICK PRODUCT|UNKNOWN_EVENT|time_to_first_click PRODUCT|INACTIVE|GAP_LONG PRODUCT|ADD_CART|CLICK PRODUCT|RAGE_CLICK|REPEAT PRODUCT|ADD_CART|CLICK PRODUCT|RAGE_CLICK|REPEAT PRODUCT|INACTIVE|GAP_LONG PRODUCT|ENTER_PRODUCT|NONE PRODUCT|INACTIVE|GAP_LONG PRODUCT|ADD_CART|CLICK PRODUCT|START_INPUT|FOCUS PRODUCT|EDIT_INPUT|CHANGE PRODUCT|EDIT_INPUT|BLUR PRODUCT|INACTIVE|GAP_LONG PRODUCT|START_INPUT|FOCUS PRODUCT|EDIT_INPUT|CHANGE PRODUCT|EDIT_INPUT|BLUR PRODUCT|START_INPUT|FOCUS PRODUCT|EDIT_INPUT|CHANGE PRODUCT|EDIT_INPUT|BLUR PRODUCT|ABANDON_INPUT|EMPTY PRODUCT|INACTIVE|GAP_LONG UNKNOWN|ENTER_UNKNOWN|NONE PRODUCT|ENTER_PRODUCT|NONE PRODUCT|INACTIVE|GAP_MEDIUM UNKNOWN|ENTER_UNKNOWN|NONE PRODUCT|START_SESSION|NONE HOME|INACTIVE|GAP_LONG HOME|TAB_RETURN|GAP_LONG HOME|UNKNOWN_EVENT|screen_resize HOME|TAB_OUT|NONE PRODUCT|INACTIVE|GAP_LONG PRODUCT|TAB_RETURN|GAP_UNKNOWN PRODUCT|UNKNOWN_EVENT|screen_resize PRODUCT|TAB_OUT|NONE HOME|INACTIVE|GAP_LONG HOME|TAB_RETURN|GAP_LONG HOME|UNKNOWN_EVENT|screen_resize HOME|ADD_CART|CLICK HOME|UNKNOWN_EVENT|time_to_first_click HOME|ADD_CART|HOVER_SHORT HOME|INACTIVE|GAP_LONG HOME|INACTIVE|GAP_MEDIUM HOME|HOVER_ELEMENT|HOVER_SHORT HOME|INACTIVE|GAP_LONG HOME|INACTIVE|GAP_MEDIUM HOME|INACTIVE|GAP_LONG
4e0fed97-dc74-4f5d-9eec-d649f8fde489,1776664302098.0,1776670040838.0,67,PRODUCT|START_SESSION|NONE PRODUCT|ENTER_PRODUCT|NONE PRODUCT|INACTIVE|GAP_MEDIUM PRODUCT|UNKNOWN_EVENT|screen_resize PRODUCT|INACTIVE|GAP_LONG PRODUCT|TAB_OUT|NONE PRODUCT|INACTIVE|GAP_LONG PRODUCT|TAB_RETURN|GAP_LONG PRODUCT|INACTIVE|GAP_MEDIUM PRODUCT|INACTIVE|GAP_SHORT PRODUCT|TAB_OUT|NONE PRODUCT|TAB_RETURN|GAP_MEDIUM PRODUCT|INACTIVE|GAP_LONG PRODUCT|HOVER_ELEMENT|HOVER_SHORT PRODUCT|TAB_OUT|NONE PRODUCT|TAB_RETURN|GAP_MEDIUM PRODUCT|UNKNOWN_EVENT|screen_resize PRODUCT|HOVER_ELEMENT|HOVER_LONG PRODUCT|HOVER_ELEMENT|HOVER_SHORT PRODUCT|TAB_OUT|NONE PRODUCT|CHECK_PRICE|CLICK PRODUCT|TAB_RETURN|GAP_LONG PRODUCT|CHECK_PRICE|HOVER_SHORT PRODUCT|INACTIVE|GAP_LONG PRODUCT|TAB_OUT|NONE PRODUCT|TAB_RETURN|GAP_MEDIUM PRODUCT|TAB_OUT|NONE PRODUCT|INACTIVE|GAP_LONG PRODUCT|TAB_RETURN|GAP_LONG PRODUCT|UNKNOWN_EVENT|screen_resize PRODUCT|TAB_OUT|NONE PRODUCT|INACTIVE|GAP_LONG PRODUCT|TAB_RETURN|GAP_LONG PRODUCT|HOVER_ELEMENT|HOVER_SHORT PRODUCT|CHECK_PRICE|HOVER_SHORT PRODUCT|UNKNOWN_EVENT|screen_resize PRODUCT|CHECK_PRICE|HOVER_SHORT PRODUCT|CHECK_PRICE|CLICK PRODUCT|CHECK_PRICE|HOVER_SHORT PRODUCT|INACTIVE|GAP_MEDIUM PRODUCT|HOVER_ELEMENT|HOVER_SHORT PRODUCT|CHECK_PRICE|HOVER_SHORT PRODUCT|UNKNOWN_EVENT|screen_resize PRODUCT|TAB_OUT|NONE PRODUCT|INACTIVE|GAP_SHORT PRODUCT|TAB_RETURN|GAP_LONG PRODUCT|UNKNOWN_EVENT|screen_resize PRODUCT|CHECK_PRICE|HOVER_SHORT PRODUCT|INACTIVE|GAP_LONG PRODUCT|TAB_OUT|NONE PRODUCT|INACTIVE|GAP_LONG PRODUCT|TAB_RETURN|GAP_LONG PRODUCT|UNKNOWN_EVENT|screen_resize PRODUCT|HOVER_ELEMENT|HOVER_SHORT PRODUCT|UNKNOWN_EVENT|screen_resize PRODUCT|HOVER_ELEMENT|HOVER_SHORT PRODUCT|INACTIVE|GAP_SHORT PRODUCT|INACTIVE|GAP_LONG PRODUCT|INACTIVE|GAP_MEDIUM PRODUCT|INACTIVE|GAP_LONG PRODUCT|TAB_OUT|NONE PRODUCT|INACTIVE|GAP_LONG PRODUCT|TAB_RETURN|GAP_LONG PRODUCT|TAB_OUT|NONE PRODUCT|INACTIVE|GAP_LONG PRODUCT|TAB_RETURN|GAP_LONG PRODUCT|TAB_OUT|NONE
d5fc8dd0-fa53-4195-accb-3b5bd249a876,1776668763421.0,1776670040932.0,70,PRODUCT|START_SESSION|NONE HOME|INACTIVE|GAP_LONG HOME|UNKNOWN_EVENT|screen_resize HOME|INACTIVE|GAP_LONG HOME|START_SESSION|NONE HOME|HOVER_ELEMENT|HOVER_SHORT HOME|SCROLL_HOME|SCROLL_LOW PRODUCT|ZOOM_IMAGE|ZOOM HOME|CLICK_ELEMENT|CLICK HOME|UNKNOWN_EVENT|time_to_first_click PRODUCT|ENTER_PRODUCT|NONE PRODUCT|SCROLL_PRODUCT|SCROLL_UNKNOWN PRODUCT|ADD_CART|CLICK PRODUCT|UNKNOWN_EVENT|time_to_first_click PRODUCT|ADD_CART|HOVER_SHORT PRODUCT|HOVER_ELEMENT|HOVER_SHORT PRODUCT|SCROLL_PRODUCT|SCROLL_LOW PRODUCT|SCROLL_PRODUCT|SCROLL_UNKNOWN PRODUCT|ZOOM_IMAGE|ZOOM PRODUCT|SCROLL_PRODUCT|SCROLL_LOW PRODUCT|SCROLL_PRODUCT|SCROLL_MID PRODUCT|SCROLL_PRODUCT|SCROLL_HIGH PRODUCT|HOVER_ELEMENT|HOVER_SHORT PRODUCT|ZOOM_IMAGE|ZOOM PRODUCT|SCROLL_PRODUCT|SCROLL_HIGH PRODUCT|HOVER_ELEMENT|HOVER_SHORT PRODUCT|SCROLL_PRODUCT|SCROLL_HIGH PRODUCT|SCROLL_PRODUCT|SCROLL_MID PRODUCT|SCROLL_PRODUCT|SCROLL_LOW PRODUCT|SCROLL_PRODUCT|SCROLL_UNKNOWN PRODUCT|HOVER_ELEMENT|HOVER_SHORT PRODUCT|SCROLL_PRODUCT|SCROLL_LOW PRODUCT|SCROLL_PRODUCT|SCROLL_MID PRODUCT|SCROLL_PRODUCT|SCROLL_HIGH PRODUCT|ADD_CART|HOVER_SHORT PRODUCT|VIEW_REVIEW|CLICK PRODUCT|VIEW_REVIEW|HOVER_SHORT PRODUCT|SCROLL_PRODUCT|SCROLL_MID PRODUCT|SCROLL_PRODUCT|SCROLL_LOW HOME|ENTER_HOME|NONE HOME|SCROLL_HOME|SCROLL_LOW HOME|HOVER_ELEMENT|HOVER_SHORT HOME|CLICK_ELEMENT|CLICK HOME|UNKNOWN_EVENT|time_to_first_click HOME|HOVER_ELEMENT|HOVER_SHORT PRODUCT|ENTER_PRODUCT|NONE PRODUCT|SCROLL_PRODUCT|SCROLL_UNKNOWN PRODUCT|SCROLL_PRODUCT|SCROLL_LOW PRODUCT|VIEW_REVIEW|HOVER_SHORT PRODUCT|SCROLL_PRODUCT|SCROLL_LOW PRODUCT|SCROLL_PRODUCT|SCROLL_MID PRODUCT|SCROLL_PRODUCT|SCROLL_HIGH PRODUCT|HOVER_ELEMENT|HOVER_SHORT PRODUCT|SCROLL_PRODUCT|SCROLL_HIGH PRODUCT|SCROLL_PRODUCT|SCROLL_MID PRODUCT|SCROLL_PRODUCT|SCROLL_LOW PRODUCT|ADD_CART|HOVER_SHORT PRODUCT|HOVER_ELEMENT|HOVER_SHORT PRODUCT|CLICK_ELEMENT|CLICK PRODUCT|UNKNOWN_EVENT|time_to_first_click PRODUCT|HOVER_ELEMENT|HOVER_SHORT PRODUCT|CLICK_ELEMENT|CLICK PRODUCT|HOVER_ELEMENT|HOVER_SHORT PRODUCT|CLICK_ELEMENT|CLICK HOME|ENTER_HOME|NONE HOME|SCROLL_HOME|SCROLL_LOW HOME|HOVER_ELEMENT|HOVER_SHORT HOME|INACTIVE|GAP_LONG HOME|TAB_OUT|NONE PRODUCT|TAB_OUT|NONE
4413b397-6996-4f7a-8494-c2c105f69a85,1777012143549.0,1777012928913.0,8,HOME|START_SESSION|NONE HOME|INACTIVE|GAP_LONG HOME|INACTIVE|GAP_SHORT HOME|TAB_OUT|NONE HOME|INACTIVE|GAP_LONG HOME|TAB_RETURN|GAP_LONG HOME|TAB_OUT|NONE HOME|INACTIVE|GAP_MEDIUM
62fb0eb0-c69f-4301-a7a6-5d6fe7d7f516,1777012148730.0,1777120802360.0,678,HOME|TAB_OUT|NONE HOME|START_SESSION|NONE HOME|INACTIVE|GAP_LONG HOME|EDIT_INPUT|CHANGE HOME|SEARCH_USE|INPUT HOME|CLICK_ELEMENT|CLICK HOME|UNKNOWN_EVENT|time_to_first_click HOME|CLICK_ELEMENT|CLICK HOME|RAGE_CLICK|REPEAT HOME|CLICK_ELEMENT|CLICK PRODUCT|VIEW_PRODUCT|CLICK HOME|CLICK_ELEMENT|CLICK HOME|RAGE_CLICK|REPEAT HOME|CLICK_ELEMENT|CLICK PRODUCT|ENTER_PRODUCT|NONE PRODUCT|CLICK_ELEMENT|CLICK PRODUCT|UNKNOWN_EVENT|time_to_first_click PRODUCT|CLICK_ELEMENT|CLICK PRODUCT|RAGE_CLICK|REPEAT PRODUCT|CLICK_ELEMENT|CLICK PRODUCT|INACTIVE|GAP_SHORT PRODUCT|ADD_CART|CLICK PRODUCT|CLICK_ELEMENT|CLICK PRODUCT|RAGE_CLICK|REPEAT PRODUCT|CLICK_ELEMENT|CLICK HOME|START_SESSION|NONE HOME|INACTIVE|GAP_SHORT HOME|CLICK_ELEMENT|CLICK HOME|UNKNOWN_EVENT|time_to_first_click HOME|CLICK_ELEMENT|CLICK HOME|RAGE_CLICK|REPEAT HOME|CLICK_ELEMENT|CLICK HOME|INACTIVE|GAP_LONG HOME|TAB_RETURN|GAP_UNKNOWN HOME|UNKNOWN_EVENT|screen_resize HOME|HOVER_ELEMENT|HOVER_SHORT HOME|SCROLL_HOME|SCROLL_LOW PRODUCT|ZOOM_IMAGE|ZOOM HOME|CLICK_ELEMENT|CLICK PRODUCT|VIEW_PRODUCT|CLICK PRODUCT|ENTER_PRODUCT|NONE PRODUCT|SCROLL_PRODUCT|SCROLL_UNKNOWN PRODUCT|VIEW_REVIEW|HOVER_SHORT PRODUCT|ADD_CART|CLICK PRODUCT|UNKNOWN_EVENT|time_to_first_click PRODUCT|ADD_CART|HOVER_SHORT PRODUCT|HOVER_ELEMENT|HOVER_SHORT PRODUCT|ADD_CART|CLICK CART|ENTER_CART|NONE CART|CHECK_PRICE|HOVER_SHORT CART|SCROLL_PAGE|SCROLL_HIGH CART|SCROLL_PAGE|SCROLL_LOW CART|SCROLL_PAGE|SCROLL_MID CART|SCROLL_PAGE|SCROLL_HIGH CART|CLICK_ELEMENT|CLICK CART|UNKNOWN_EVENT|time_to_first_click CART|CLICK_ELEMENT|CLICK CART|RAGE_CLICK|REPEAT CART|CLICK_ELEMENT|CLICK CART|SCROLL_PAGE|SCROLL_HIGH CART|SCROLL_PAGE|SCROLL_MID HOME|TAB_OUT|NONE HOME|START_SESSION|NONE HOME|CLICK_ELEMENT|CLICK HOME|UNKNOWN_EVENT|time_to_first_click HOME|CLICK_ELEMENT|CLICK HOME|RAGE_CLICK|REPEAT HOME|CLICK_ELEMENT|CLICK HOME|INACTIVE|GAP_LONG HOME|TAB_RETURN|GAP_UNKNOWN HOME|SCROLL_HOME|SCROLL_LOW HOME|SCROLL_HOME|SCROLL_MID HOME|SCROLL_HOME|SCROLL_HIGH HOME|SCROLL_HOME|SCROLL_MID HOME|SCROLL_HOME|SCROLL_LOW HOME|SCROLL_HOME|SCROLL_UNKNOWN PRODUCT|ZOOM_IMAGE|ZOOM HOME|SCROLL_HOME|SCROLL_LOW HOME|CHECK_SHIPPING|HOVER_SHORT HOME|SCROLL_HOME|SCROLL_LOW HOME|CLICK_ELEMENT|CLICK PRODUCT|VIEW_PRODUCT|CLICK PRODUCT|ENTER_PRODUCT|NONE PRODUCT|SCROLL_PRODUCT|SCROLL_UNKNOWN PRODUCT|VIEW_REVIEW|HOVER_SHORT PRODUCT|HOVER_ELEMENT|HOVER_SHORT PRODUCT|SCROLL_PRODUCT|SCROLL_LOW PRODUCT|HOVER_ELEMENT|HOVER_SHORT PRODUCT|SCROLL_PRODUCT|SCROLL_LOW PRODUCT|SCROLL_PRODUCT|SCROLL_MID PRODUCT|SCROLL_PRODUCT|SCROLL_LOW PRODUCT|ZOOM_IMAGE|ZOOM PRODUCT|ADD_CART|CLICK PRODUCT|UNKNOWN_EVENT|time_to_first_click PRODUCT|ADD_CART|HOVER_SHORT PRODUCT|CLICK_ELEMENT|CLICK PRODUCT|HOVER_ELEMENT|HOVER_SHORT PRODUCT|ADD_CART|CLICK CART|ENTER_CART|NONE CART|CHECK_PRICE|HOVER_SHORT CART|CLICK_ELEMENT|CLICK CART|UNKNOWN_EVENT|time_to_first_click CART|CLICK_BUY|CLICK CART|HOVER_ELEMENT|HOVER_SHORT CHECKOUT|ENTER_CHECKOUT|NONE CHECKOUT|ADD_CART|CLICK CHECKOUT|UNKNOWN_EVENT|time_to_first_click HOME|ENTER_HOME|NONE HOME|ADD_CART|HOVER_SHORT HOME|HOVER_ELEMENT|HOVER_SHORT HOME|SCROLL_HOME|SCROLL_LOW HOME|CLICK_ELEMENT|CLICK HOME|UNKNOWN_EVENT|time_to_first_click PRODUCT|VIEW_PRODUCT|CLICK PRODUCT|ENTER_PRODUCT|NONE PRODUCT|SCROLL_PRODUCT|SCROLL_UNKNOWN PRODUCT|VIEW_REVIEW|HOVER_SHORT PRODUCT|SCROLL_PRODUCT|SCROLL_LOW PRODUCT|SCROLL_PRODUCT|SCROLL_MID PRODUCT|SCROLL_PRODUCT|SCROLL_HIGH PRODUCT|SCROLL_PRODUCT|SCROLL_MID PRODUCT|TAB_OUT|NONE PRODUCT|START_SESSION|NONE PRODUCT|ADD_CART|CLICK PRODUCT|UNKNOWN_EVENT|time_to_first_click PRODUCT|ADD_CART|HOVER_SHORT PRODUCT|TAB_OUT|NONE PRODUCT|START_SESSION|NONE PRODUCT|INACTIVE|GAP_LONG PRODUCT|ADD_CART|CLICK PRODUCT|UNKNOWN_EVENT|time_to_first_click PRODUCT|ADD_CART|CLICK PRODUCT|CLICK_ELEMENT|CLICK PRODUCT|RAGE_CLICK|REPEAT PRODUCT|CLICK_ELEMENT|CLICK PRODUCT|TAB_OUT|NONE PRODUCT|TAB_RETURN|GAP_MEDIUM PRODUCT|ADD_CART|CLICK CART|ENTER_CART|NONE CART|CHECK_PRICE|HOVER_SHORT CART|ADD_CART|CLICK CART|UNKNOWN_EVENT|time_to_first_click CART|ADD_CART|HOVER_SHORT CART|ADD_CART|CLICK HOME|ENTER_HOME|NONE HOME|ADD_CART|HOVER_SHORT HOME|CHECK_SHIPPING|HOVER_SHORT HOME|SCROLL_HOME|SCROLL_LOW HOME|CHECK_SHIPPING|HOVER_SHORT HOME|CLICK_ELEMENT|CLICK HOME|UNKNOWN_EVENT|time_to_first_click PRODUCT|VIEW_PRODUCT|CLICK PRODUCT|ENTER_PRODUCT|NONE PRODUCT|SCROLL_PRODUCT|SCROLL_UNKNOWN PRODUCT|SCROLL_PRODUCT|SCROLL_LOW PRODUCT|SCROLL_PRODUCT|SCROLL_MID PRODUCT|HOVER_ELEMENT|HOVER_SHORT PRODUCT|SCROLL_PRODUCT|SCROLL_MID PRODUCT|SCROLL_PRODUCT|SCROLL_HIGH PRODUCT|ZOOM_IMAGE|ZOOM PRODUCT|SCROLL_PRODUCT|SCROLL_HIGH PRODUCT|ZOOM_IMAGE|ZOOM PRODUCT|SCROLL_PRODUCT|SCROLL_HIGH PRODUCT|SCROLL_PRODUCT|SCROLL_MID PRODUCT|SCROLL_PRODUCT|SCROLL_LOW PRODUCT|ZOOM_IMAGE|ZOOM PRODUCT|HOVER_ELEMENT|HOVER_SHORT PRODUCT|ADD_CART|HOVER_SHORT PRODUCT|ADD_CART|CLICK PRODUCT|UNKNOWN_EVENT|time_to_first_click PRODUCT|ADD_CART|CLICK PRODUCT|ADD_CART|HOVER_SHORT PRODUCT|ADD_CART|CLICK PRODUCT|CLICK_ELEMENT|CLICK PRODUCT|HOVER_ELEMENT|HOVER_SHORT PRODUCT|ADD_CART|CLICK CART|ENTER_CART|NONE CART|TAB_OUT|NONE CART|TAB_RETURN|GAP_LONG CART|INACTIVE|GAP_LONG CART|SCROLL_PAGE|SCROLL_LOW CART|SCROLL_PAGE|SCROLL_MID CART|SCROLL_PAGE|SCROLL_HIGH CART|SCROLL_PAGE|SCROLL_MID CART|SCROLL_PAGE|SCROLL_LOW CART|ADD_CART|HOVER_SHORT CART|ADD_CART|CLICK HOME|ENTER_HOME|NONE HOME|ADD_CART|HOVER_SHORT HOME|SCROLL_HOME|SCROLL_LOW HOME|CLICK_ELEMENT|CLICK HOME|UNKNOWN_EVENT|time_to_first_click PRODUCT|VIEW_PRODUCT|CLICK PRODUCT|ENTER_PRODUCT|NONE PRODUCT|SCROLL_PRODUCT|SCROLL_UNKNOWN PRODUCT|VIEW_REVIEW|HOVER_SHORT PRODUCT|ADD_CART|CLICK PRODUCT|UNKNOWN_EVENT|time_to_first_click PRODUCT|ADD_CART|HOVER_SHORT PRODUCT|VIEW_REVIEW|HOVER_SHORT HOME|TAB_OUT|NONE HOME|TAB_RETURN|GAP_MEDIUM HOME|HOVER_ELEMENT|HOVER_SHORT HOME|CLICK_ELEMENT|CLICK HOME|UNKNOWN_EVENT|time_to_first_click PRODUCT|VIEW_PRODUCT|CLICK PRODUCT|ENTER_PRODUCT|NONE PRODUCT|SCROLL_PRODUCT|SCROLL_UNKNOWN PRODUCT|ADD_CART|CLICK PRODUCT|UNKNOWN_EVENT|time_to_first_click CART|ENTER_CART|NONE CART|CHECK_PRICE|HOVER_SHORT CART|TAB_OUT|NONE CART|TAB_RETURN|GAP_LONG CART|ADD_CART|CLICK CART|UNKNOWN_EVENT|time_to_first_click HOME|ENTER_HOME|NONE HOME|ADD_CART|HOVER_SHORT HOME|SCROLL_HOME|SCROLL_LOW CART|TAB_OUT|NONE HOME|START_SESSION|NONE HOME|INACTIVE|GAP_LONG HOME|CLICK_ELEMENT|CLICK HOME|UNKNOWN_EVENT|time_to_first_click PRODUCT|VIEW_PRODUCT|CLICK HOME|CLICK_ELEMENT|CLICK PRODUCT|VIEW_PRODUCT|CLICK HOME|CLICK_ELEMENT|CLICK HOME|RAGE_CLICK|REPEAT PRODUCT|VIEW_PRODUCT|CLICK PRODUCT|ENTER_PRODUCT|NONE HOME|TAB_OUT|NONE HOME|TAB_RETURN|GAP_MEDIUM HOME|TAB_OUT|NONE HOME|START_SESSION|NONE HOME|INACTIVE|GAP_LONG HOME|CLICK_ELEMENT|CLICK HOME|UNKNOWN_EVENT|time_to_first_click PRODUCT|VIEW_PRODUCT|CLICK PRODUCT|ENTER_PRODUCT|NONE HOME|START_SESSION|NONE HOME|CLICK_ELEMENT|CLICK HOME|UNKNOWN_EVENT|time_to_first_click PRODUCT|VIEW_PRODUCT|CLICK HOME|INACTIVE|GAP_LONG HOME|CLICK_ELEMENT|CLICK PRODUCT|VIEW_PRODUCT|CLICK HOME|CLICK_ELEMENT|CLICK PRODUCT|VIEW_PRODUCT|CLICK HOME|CLICK_ELEMENT|CLICK HOME|RAGE_CLICK|REPEAT PRODUCT|VIEW_PRODUCT|CLICK HOME|CLICK_ELEMENT|CLICK HOME|TAB_OUT|NONE HOME|START_SESSION|NONE HOME|INACTIVE|GAP_MEDIUM HOME|CLICK_ELEMENT|CLICK HOME|UNKNOWN_EVENT|time_to_first_click PRODUCT|VIEW_PRODUCT|CLICK HOME|CLICK_ELEMENT|CLICK PRODUCT|VIEW_PRODUCT|CLICK HOME|CLICK_ELEMENT|CLICK HOME|RAGE_CLICK|REPEAT PRODUCT|VIEW_PRODUCT|CLICK HOME|CLICK_ELEMENT|CLICK HOME|INACTIVE|GAP_LONG HOME|TAB_RETURN|GAP_LONG HOME|SCROLL_HOME|SCROLL_LOW PRODUCT|ZOOM_IMAGE|ZOOM HOME|CLICK_ELEMENT|CLICK HOME|UNKNOWN_EVENT|time_to_first_click PRODUCT|VIEW_PRODUCT|CLICK HOME|HOVER_ELEMENT|HOVER_SHORT PRODUCT|ENTER_PRODUCT|NONE PRODUCT|SCROLL_PRODUCT|SCROLL_UNKNOWN PRODUCT|VIEW_REVIEW|HOVER_SHORT PRODUCT|ADD_CART|CLICK PRODUCT|UNKNOWN_EVENT|time_to_first_click PRODUCT|ADD_CART|HOVER_SHORT PRODUCT|ADD_CART|CLICK CART|ENTER_CART|NONE CART|ADD_CART|CLICK CART|UNKNOWN_EVENT|time_to_first_click HOME|ENTER_HOME|NONE HOME|ADD_CART|HOVER_SHORT HOME|SCROLL_HOME|SCROLL_LOW HOME|TAB_OUT|NONE HOME|INACTIVE|GAP_LONG HOME|TAB_RETURN|GAP_LONG HOME|CLICK_ELEMENT|CLICK HOME|UNKNOWN_EVENT|time_to_first_click PRODUCT|VIEW_PRODUCT|CLICK PRODUCT|ENTER_PRODUCT|NONE PRODUCT|SCROLL_PRODUCT|SCROLL_UNKNOWN PRODUCT|VIEW_REVIEW|HOVER_SHORT PRODUCT|ADD_CART|CLICK PRODUCT|UNKNOWN_EVENT|time_to_first_click PRODUCT|ADD_CART|HOVER_SHORT PRODUCT|HOVER_ELEMENT|HOVER_SHORT PRODUCT|ADD_CART|CLICK CART|ENTER_CART|NONE PRODUCT|ENTER_PRODUCT|NONE HOME|ENTER_HOME|NONE HOME|SCROLL_HOME|SCROLL_MID HOME|CLICK_ELEMENT|CLICK HOME|UNKNOWN_EVENT|time_to_first_click PRODUCT|VIEW_PRODUCT|CLICK HOME|HOVER_ELEMENT|HOVER_SHORT PRODUCT|ENTER_PRODUCT|NONE PRODUCT|SCROLL_PRODUCT|SCROLL_UNKNOWN PRODUCT|ADD_CART|CLICK PRODUCT|UNKNOWN_EVENT|time_to_first_click CART|TAB_OUT|NONE PRODUCT|START_SESSION|NONE PRODUCT|INACTIVE|GAP_LONG PRODUCT|ADD_CART|CLICK PRODUCT|UNKNOWN_EVENT|time_to_first_click PRODUCT|ADD_CART|CLICK PRODUCT|INACTIVE|GAP_LONG PRODUCT|CLICK_ELEMENT|CLICK PRODUCT|RAGE_CLICK|REPEAT PRODUCT|CLICK_ELEMENT|CLICK PRODUCT|START_SESSION|NONE PRODUCT|ADD_CART|CLICK PRODUCT|UNKNOWN_EVENT|time_to_first_click PRODUCT|ADD_CART|CLICK PRODUCT|START_SESSION|NONE PRODUCT|ADD_CART|CLICK PRODUCT|UNKNOWN_EVENT|time_to_first_click PRODUCT|ADD_CART|CLICK PRODUCT|CLICK_ELEMENT|CLICK PRODUCT|RAGE_CLICK|REPEAT PRODUCT|CLICK_ELEMENT|CLICK CART|START_SESSION|NONE CART|ADD_CART|HOVER_SHORT CART|INACTIVE|GAP_LONG CART|ADD_CART|CLICK CART|UNKNOWN_EVENT|time_to_first_click HOME|ENTER_HOME|NONE HOME|ADD_CART|HOVER_SHORT HOME|HOVER_ELEMENT|HOVER_SHORT HOME|CHECK_SHIPPING|HOVER_SHORT HOME|INACTIVE|GAP_SHORT HOME|START_SESSION|NONE HOME|INACTIVE|GAP_SHORT HOME|UNKNOWN_EVENT|screen_resize HOME|INACTIVE|GAP_LONG HOME|CLICK_ELEMENT|CLICK HOME|UNKNOWN_EVENT|time_to_first_click PRODUCT|VIEW_PRODUCT|CLICK HOME|CLICK_ELEMENT|CLICK PRODUCT|VIEW_PRODUCT|CLICK HOME|CLICK_ELEMENT|CLICK HOME|RAGE_CLICK|REPEAT PRODUCT|VIEW_PRODUCT|CLICK HOME|CLICK_ELEMENT|CLICK PRODUCT|START_SESSION|NONE PRODUCT|ADD_CART|CLICK PRODUCT|UNKNOWN_EVENT|time_to_first_click PRODUCT|ADD_CART|CLICK PRODUCT|CLICK_ELEMENT|CLICK PRODUCT|RAGE_CLICK|REPEAT PRODUCT|CLICK_ELEMENT|CLICK HOME|INACTIVE|GAP_LONG HOME|UNKNOWN_EVENT|screen_resize HOME|INACTIVE|GAP_LONG HOME|SCROLL_HOME|SCROLL_LOW PRODUCT|ZOOM_IMAGE|ZOOM HOME|HOVER_ELEMENT|HOVER_SHORT PRODUCT|ZOOM_IMAGE|ZOOM CART|TAB_OUT|NONE CART|TAB_RETURN|GAP_SHORT CART|ADD_CART|HOVER_SHORT CART|CLICK_ELEMENT|CLICK CART|UNKNOWN_EVENT|time_to_first_click HOME|ENTER_HOME|NONE HOME|HOVER_ELEMENT|HOVER_SHORT HOME|SCROLL_HOME|SCROLL_LOW HOME|HOVER_ELEMENT|HOVER_SHORT HOME|CLICK_ELEMENT|CLICK HOME|UNKNOWN_EVENT|time_to_first_click PRODUCT|VIEW_PRODUCT|CLICK PRODUCT|ENTER_PRODUCT|NONE PRODUCT|SCROLL_PRODUCT|SCROLL_UNKNOWN PRODUCT|HOVER_ELEMENT|HOVER_SHORT PRODUCT|ADD_CART|CLICK PRODUCT|UNKNOWN_EVENT|time_to_first_click PRODUCT|ADD_CART|HOVER_SHORT PRODUCT|CLICK_ELEMENT|CLICK PRODUCT|HOVER_ELEMENT|HOVER_SHORT PRODUCT|CLICK_ELEMENT|CLICK PRODUCT|HOVER_ELEMENT|HOVER_SHORT PRODUCT|ADD_CART|CLICK CART|ENTER_CART|NONE CART|CHECK_PRICE|HOVER_SHORT HOME|TAB_OUT|NONE PRODUCT|TAB_OUT|NONE HOME|TAB_OUT|NONE PRODUCT|START_SESSION|NONE PRODUCT|ADD_CART|CLICK PRODUCT|UNKNOWN_EVENT|time_to_first_click PRODUCT|ADD_CART|CLICK PRODUCT|INACTIVE|GAP_LONG PRODUCT|CLICK_ELEMENT|CLICK PRODUCT|RAGE_CLICK|REPEAT PRODUCT|CLICK_ELEMENT|CLICK PRODUCT|START_SESSION|NONE PRODUCT|INACTIVE|GAP_LONG PRODUCT|ADD_CART|CLICK PRODUCT|UNKNOWN_EVENT|time_to_first_click PRODUCT|ADD_CART|CLICK PRODUCT|CLICK_ELEMENT|CLICK PRODUCT|RAGE_CLICK|REPEAT PRODUCT|CLICK_ELEMENT|CLICK HOME|START_SESSION|NONE HOME|TAB_OUT|NONE HOME|TAB_RETURN|GAP_UNKNOWN HOME|ADD_CART|CLICK HOME|UNKNOWN_EVENT|time_to_first_click HOME|ADD_CART|CLICK HOME|ENTER_HOME|NONE HOME|ADD_CART|HOVER_SHORT HOME|INACTIVE|GAP_SHORT HOME|HOVER_ELEMENT|HOVER_SHORT HOME|TAB_OUT|NONE HOME|INACTIVE|GAP_MEDIUM HOME|TAB_RETURN|GAP_LONG HOME|SCROLL_HOME|SCROLL_LOW HOME|SCROLL_HOME|SCROLL_MID PRODUCT|ZOOM_IMAGE|ZOOM HOME|CLICK_ELEMENT|CLICK HOME|UNKNOWN_EVENT|time_to_first_click PRODUCT|VIEW_PRODUCT|CLICK PRODUCT|ENTER_PRODUCT|NONE CART|TAB_OUT|NONE HOME|TAB_OUT|NONE HOME|INACTIVE|GAP_MEDIUM HOME|TAB_RETURN|GAP_LONG HOME|INACTIVE|GAP_MEDIUM HOME|TAB_OUT|NONE HOME|INACTIVE|GAP_LONG HOME|TAB_RETURN|GAP_LONG HOME|HOVER_ELEMENT|HOVER_SHORT HOME|SCROLL_HOME|SCROLL_LOW HOME|SCROLL_HOME|SCROLL_MID PRODUCT|ZOOM_IMAGE|ZOOM HOME|CLICK_ELEMENT|CLICK HOME|UNKNOWN_EVENT|time_to_first_click PRODUCT|VIEW_PRODUCT|CLICK HOME|CLICK_ELEMENT|CLICK PRODUCT|VIEW_PRODUCT|CLICK PRODUCT|TAB_OUT|NONE PRODUCT|TAB_RETURN|GAP_MEDIUM PRODUCT|ADD_CART|CLICK PRODUCT|UNKNOWN_EVENT|time_to_first_click PRODUCT|ADD_CART|CLICK PRODUCT|ADD_CART|HOVER_SHORT PRODUCT|HOVER_ELEMENT|HOVER_SHORT HOME|TAB_OUT|NONE HOME|INACTIVE|GAP_LONG HOME|TAB_RETURN|GAP_LONG HOME|HOVER_ELEMENT|HOVER_SHORT HOME|SCROLL_HOME|SCROLL_LOW HOME|HOVER_ELEMENT|HOVER_SHORT HOME|SCROLL_HOME|SCROLL_LOW HOME|HOVER_ELEMENT|HOVER_SHORT HOME|SCROLL_HOME|SCROLL_LOW PRODUCT|ZOOM_IMAGE|ZOOM PRODUCT|TAB_OUT|NONE PRODUCT|INACTIVE|GAP_MEDIUM PRODUCT|TAB_RETURN|GAP_LONG PRODUCT|HOVER_ELEMENT|HOVER_SHORT PRODUCT|START_INPUT|FOCUS PRODUCT|CLICK_ELEMENT|CLICK PRODUCT|UNKNOWN_EVENT|time_to_first_click PRODUCT|HOVER_ELEMENT|HOVER_SHORT PRODUCT|EDIT_INPUT|BLUR PRODUCT|INACTIVE|GAP_LONG PRODUCT|START_INPUT|FOCUS PRODUCT|ENTER_PRODUCT|NONE PRODUCT|ADD_CART|HOVER_SHORT PRODUCT|HOVER_ELEMENT|HOVER_SHORT PRODUCT|EDIT_INPUT|BLUR PRODUCT|CLICK_ELEMENT|CLICK PRODUCT|UNKNOWN_EVENT|time_to_first_click PRODUCT|HOVER_ELEMENT|HOVER_SHORT PRODUCT|START_INPUT|FOCUS PRODUCT|CLICK_ELEMENT|CLICK PRODUCT|EDIT_INPUT|CHANGE PRODUCT|SEARCH_USE|INPUT PRODUCT|EDIT_INPUT|CHANGE PRODUCT|SEARCH_USE|INPUT PRODUCT|EDIT_INPUT|CHANGE PRODUCT|ENTER_PRODUCT|NONE PRODUCT|SEARCH_USE|INPUT PRODUCT|HOVER_ELEMENT|HOVER_LONG PRODUCT|HOVER_ELEMENT|HOVER_SHORT PRODUCT|CLICK_ELEMENT|CLICK PRODUCT|UNKNOWN_EVENT|time_to_first_click PRODUCT|HOVER_ELEMENT|HOVER_SHORT PRODUCT|TAB_OUT|NONE CART|TAB_OUT|NONE PRODUCT|TAB_RETURN|GAP_SHORT PRODUCT|START_INPUT|FOCUS PRODUCT|EDIT_INPUT|BLUR PRODUCT|CLICK_ELEMENT|CLICK PRODUCT|VIEW_PRODUCT|CLICK PRODUCT|ENTER_PRODUCT|NONE PRODUCT|HOVER_ELEMENT|HOVER_SHORT PRODUCT|ADD_CART|CLICK PRODUCT|UNKNOWN_EVENT|time_to_first_click CART|ENTER_CART|NONE CART|CHECK_PRICE|HOVER_SHORT CART|ADD_CART|CLICK CART|UNKNOWN_EVENT|time_to_first_click HOME|ENTER_HOME|NONE HOME|ADD_CART|HOVER_SHORT HOME|SCROLL_HOME|SCROLL_LOW HOME|CLICK_ELEMENT|CLICK HOME|UNKNOWN_EVENT|time_to_first_click PRODUCT|VIEW_PRODUCT|CLICK HOME|HOVER_ELEMENT|HOVER_SHORT PRODUCT|ENTER_PRODUCT|NONE PRODUCT|SCROLL_PRODUCT|SCROLL_UNKNOWN PRODUCT|ADD_CART|CLICK PRODUCT|UNKNOWN_EVENT|time_to_first_click PRODUCT|ADD_CART|CLICK CART|TAB_OUT|NONE CART|INACTIVE|GAP_LONG CART|TAB_RETURN|GAP_LONG CART|START_INPUT|FOCUS CART|CLICK_ELEMENT|CLICK CART|UNKNOWN_EVENT|time_to_first_click CART|EDIT_INPUT|CHANGE CART|SEARCH_USE|INPUT CART|HOVER_ELEMENT|HOVER_SHORT CART|TAB_OUT|NONE CART|START_SESSION|NONE CART|ADD_CART|CLICK CART|UNKNOWN_EVENT|time_to_first_click CART|ADD_CART|HOVER_SHORT HOME|ENTER_HOME|NONE HOME|HOVER_ELEMENT|HOVER_SHORT HOME|SCROLL_HOME|SCROLL_LOW HOME|HOVER_ELEMENT|HOVER_SHORT PRODUCT|ZOOM_IMAGE|ZOOM HOME|SCROLL_HOME|SCROLL_LOW PRODUCT|ZOOM_IMAGE|ZOOM HOME|HOVER_ELEMENT|HOVER_SHORT HOME|SCROLL_HOME|SCROLL_LOW HOME|CHECK_SHIPPING|HOVER_SHORT HOME|SCROLL_HOME|SCROLL_LOW HOME|SCROLL_HOME|SCROLL_UNKNOWN PRODUCT|ZOOM_IMAGE|ZOOM PRODUCT|TAB_OUT|NONE PRODUCT|INACTIVE|GAP_MEDIUM PRODUCT|START_INPUT|FOCUS PRODUCT|TAB_RETURN|GAP_LONG PRODUCT|ADD_CART|HOVER_SHORT PRODUCT|EDIT_INPUT|BLUR PRODUCT|ADD_CART|CLICK PRODUCT|UNKNOWN_EVENT|time_to_first_click HOME|ENTER_HOME|NONE HOME|ADD_CART|HOVER_SHORT HOME|START_INPUT|FOCUS HOME|CLICK_ELEMENT|CLICK HOME|UNKNOWN_EVENT|time_to_first_click HOME|HOVER_ELEMENT|HOVER_SHORT HOME|EDIT_INPUT|BLUR HOME|CLICK_ELEMENT|CLICK HOME|HOVER_ELEMENT|HOVER_SHORT HOME|START_INPUT|FOCUS HOME|HOVER_ELEMENT|HOVER_SHORT HOME|CLICK_ELEMENT|CLICK HOME|EDIT_INPUT|CHANGE HOME|SEARCH_USE|INPUT PRODUCT|TAB_OUT|NONE PRODUCT|INACTIVE|GAP_LONG PRODUCT|EDIT_INPUT|CHANGE PRODUCT|SEARCH_USE|INPUT PRODUCT|START_SESSION|NONE PRODUCT|ADD_CART|CLICK PRODUCT|UNKNOWN_EVENT|time_to_first_click HOME|ENTER_HOME|NONE HOME|ADD_CART|HOVER_SHORT HOME|CLICK_ELEMENT|CLICK HOME|UNKNOWN_EVENT|time_to_first_click HOME|HOVER_ELEMENT|HOVER_SHORT HOME|START_INPUT|FOCUS HOME|CLICK_ELEMENT|CLICK HOME|EDIT_INPUT|CHANGE HOME|SEARCH_USE|INPUT HOME|HOVER_ELEMENT|HOVER_SHORT HOME|SCROLL_HOME|SCROLL_LOW HOME|CHECK_SHIPPING|HOVER_SHORT HOME|SCROLL_HOME|SCROLL_LOW HOME|HOVER_ELEMENT|HOVER_SHORT HOME|SCROLL_HOME|SCROLL_LOW HOME|SCROLL_HOME|SCROLL_UNKNOWN HOME|EDIT_INPUT|CHANGE HOME|SEARCH_USE|INPUT HOME|EDIT_INPUT|CHANGE PRODUCT|ENTER_PRODUCT|NONE PRODUCT|SEARCH_USE|INPUT PRODUCT|HOVER_ELEMENT|HOVER_SHORT PRODUCT|TAB_OUT|NONE PRODUCT|START_SESSION|NONE PRODUCT|ADD_CART|CLICK PRODUCT|UNKNOWN_EVENT|time_to_first_click HOME|ENTER_HOME|NONE HOME|ADD_CART|HOVER_SHORT HOME|HOVER_ELEMENT|HOVER_SHORT HOME|SCROLL_HOME|SCROLL_LOW HOME|HOVER_ELEMENT|HOVER_SHORT PRODUCT|ZOOM_IMAGE|ZOOM HOME|CHECK_SHIPPING|HOVER_SHORT HOME|SCROLL_HOME|SCROLL_LOW HOME|SCROLL_HOME|SCROLL_UNKNOWN PRODUCT|ZOOM_IMAGE|ZOOM HOME|START_INPUT|FOCUS HOME|CLICK_ELEMENT|CLICK HOME|UNKNOWN_EVENT|time_to_first_click HOME|EDIT_INPUT|CHANGE HOME|SEARCH_USE|INPUT HOME|EDIT_INPUT|CHANGE HOME|SEARCH_USE|INPUT HOME|EDIT_INPUT|CHANGE PRODUCT|TAB_OUT|NONE HOME|START_SESSION|NONE HOME|CHECK_SHIPPING|HOVER_SHORT HOME|SCROLL_HOME|SCROLL_LOW HOME|HOVER_ELEMENT|HOVER_SHORT HOME|SCROLL_HOME|SCROLL_LOW HOME|CHECK_SHIPPING|HOVER_SHORT HOME|SCROLL_HOME|SCROLL_LOW HOME|SCROLL_HOME|SCROLL_UNKNOWN HOME|HOVER_ELEMENT|HOVER_SHORT PRODUCT|ZOOM_IMAGE|ZOOM HOME|ADD_CART|CLICK HOME|UNKNOWN_EVENT|time_to_first_click HOME|CLICK_ELEMENT|CLICK PRODUCT|TAB_OUT|NONE PRODUCT|INACTIVE|GAP_SHORT PRODUCT|TAB_RETURN|GAP_LONG PRODUCT|START_INPUT|FOCUS PRODUCT|EDIT_INPUT|BLUR PRODUCT|ADD_CART|CLICK PRODUCT|UNKNOWN_EVENT|time_to_first_click HOME|ENTER_HOME|NONE HOME|ADD_CART|HOVER_SHORT HOME|START_INPUT|FOCUS HOME|CLICK_ELEMENT|CLICK HOME|UNKNOWN_EVENT|time_to_first_click HOME|HOVER_ELEMENT|HOVER_SHORT HOME|EDIT_INPUT|BLUR HOME|CLICK_ELEMENT|CLICK HOME|HOVER_ELEMENT|HOVER_SHORT HOME|START_INPUT|FOCUS HOME|CLICK_ELEMENT|CLICK HOME|EDIT_INPUT|CHANGE HOME|SEARCH_USE|INPUT HOME|HOVER_ELEMENT|HOVER_SHORT HOME|SCROLL_HOME|SCROLL_LOW HOME|HOVER_ELEMENT|HOVER_SHORT HOME|SCROLL_HOME|SCROLL_LOW PRODUCT|ZOOM_IMAGE|ZOOM HOME|SCROLL_HOME|SCROLL_LOW HOME|HOVER_ELEMENT|HOVER_SHORT HOME|SCROLL_HOME|SCROLL_LOW HOME|SCROLL_HOME|SCROLL_UNKNOWN HOME|EDIT_INPUT|CHANGE HOME|SEARCH_USE|INPUT HOME|EDIT_INPUT|CHANGE HOME|SEARCH_USE|INPUT HOME|EDIT_INPUT|CHANGE HOME|SEARCH_USE|INPUT HOME|HOVER_ELEMENT|HOVER_SHORT HOME|TAB_OUT|NONE
8939dfad-d51f-44ad-8c50-bd1ebe100a71,1777016058074.0,1777120757525.0,126,HOME|START_SESSION|NONE HOME|ENTER_HOME|NONE HOME|INACTIVE|GAP_SHORT HOME|INACTIVE|GAP_LONG HOME|TAB_OUT|NONE HOME|INACTIVE|GAP_LONG HOME|TAB_RETURN|GAP_LONG HOME|INACTIVE|GAP_LONG HOME|TAB_OUT|NONE HOME|INACTIVE|GAP_LONG HOME|TAB_RETURN|GAP_LONG HOME|SCROLL_HOME|SCROLL_LOW PRODUCT|ZOOM_IMAGE|ZOOM PRODUCT|ENTER_PRODUCT|NONE PRODUCT|CLICK_ELEMENT|CLICK PRODUCT|UNKNOWN_EVENT|time_to_first_click PRODUCT|VIEW_PRODUCT|CLICK PRODUCT|SCROLL_PRODUCT|SCROLL_UNKNOWN PRODUCT|CHECK_PRICE|HOVER_SHORT PRODUCT|HOVER_ELEMENT|HOVER_SHORT PRODUCT|CLICK_BUY|HOVER_SHORT PRODUCT|CLICK_ELEMENT|CLICK PRODUCT|HOVER_ELEMENT|HOVER_SHORT PRODUCT|ADD_CART|CLICK PRODUCT|ADD_CART|HOVER_SHORT PRODUCT|HOVER_ELEMENT|HOVER_SHORT PRODUCT|VIEW_REVIEW|HOVER_SHORT HOME|ENTER_HOME|NONE HOME|CLICK_ELEMENT|CLICK HOME|UNKNOWN_EVENT|time_to_first_click HOME|HOVER_ELEMENT|HOVER_SHORT HOME|SCROLL_HOME|SCROLL_LOW HOME|SCROLL_HOME|SCROLL_MID HOME|SCROLL_HOME|SCROLL_HIGH HOME|CHECK_SHIPPING|HOVER_SHORT HOME|SCROLL_HOME|SCROLL_HIGH HOME|TAB_OUT|NONE HOME|INACTIVE|GAP_LONG HOME|TAB_RETURN|GAP_LONG HOME|SCROLL_HOME|SCROLL_MID HOME|SCROLL_HOME|SCROLL_LOW PRODUCT|ZOOM_IMAGE|ZOOM HOME|CHECK_PRICE|HOVER_SHORT HOME|START_INPUT|FOCUS HOME|CLICK_ELEMENT|CLICK HOME|EDIT_INPUT|CHANGE HOME|SEARCH_USE|INPUT HOME|EDIT_INPUT|CHANGE HOME|SEARCH_USE|INPUT HOME|EDIT_INPUT|CHANGE HOME|SEARCH_USE|INPUT HOME|HOVER_ELEMENT|HOVER_SHORT HOME|SCROLL_HOME|SCROLL_LOW PRODUCT|ZOOM_IMAGE|ZOOM HOME|SCROLL_HOME|SCROLL_LOW HOME|HOVER_ELEMENT|HOVER_SHORT HOME|SCROLL_HOME|SCROLL_UNKNOWN PRODUCT|ZOOM_IMAGE|ZOOM HOME|EDIT_INPUT|CHANGE HOME|SEARCH_USE|INPUT HOME|EDIT_INPUT|CHANGE HOME|SEARCH_USE|INPUT HOME|HOVER_ELEMENT|HOVER_SHORT HOME|EDIT_INPUT|BLUR HOME|CLICK_ELEMENT|CLICK PRODUCT|ENTER_PRODUCT|NONE PRODUCT|HOVER_ELEMENT|HOVER_SHORT PRODUCT|CHECK_PRICE|HOVER_SHORT PRODUCT|HOVER_ELEMENT|HOVER_SHORT PRODUCT|START_SESSION|NONE PRODUCT|START_INPUT|FOCUS PRODUCT|CLICK_ELEMENT|CLICK PRODUCT|UNKNOWN_EVENT|time_to_first_click PRODUCT|EDIT_INPUT|CHANGE PRODUCT|SEARCH_USE|INPUT PRODUCT|EDIT_INPUT|CHANGE PRODUCT|SEARCH_USE|INPUT PRODUCT|HOVER_ELEMENT|HOVER_SHORT PRODUCT|EDIT_INPUT|BLUR PRODUCT|CLICK_ELEMENT|CLICK PRODUCT|ENTER_PRODUCT|NONE PRODUCT|HOVER_ELEMENT|HOVER_SHORT PRODUCT|INACTIVE|GAP_LONG PRODUCT|TAB_OUT|NONE PRODUCT|INACTIVE|GAP_LONG PRODUCT|TAB_RETURN|GAP_LONG PRODUCT|START_INPUT|FOCUS PRODUCT|CLICK_ELEMENT|CLICK PRODUCT|UNKNOWN_EVENT|time_to_first_click PRODUCT|EDIT_INPUT|CHANGE PRODUCT|SEARCH_USE|INPUT PRODUCT|EDIT_INPUT|CHANGE PRODUCT|SEARCH_USE|INPUT PRODUCT|EDIT_INPUT|CHANGE PRODUCT|CLICK_ELEMENT|CLICK PRODUCT|ENTER_PRODUCT|NONE PRODUCT|SEARCH_USE|INPUT PRODUCT|HOVER_ELEMENT|HOVER_LONG PRODUCT|EDIT_INPUT|BLUR PRODUCT|ABANDON_INPUT|EMPTY PRODUCT|TAB_OUT|NONE PRODUCT|INACTIVE|GAP_LONG PRODUCT|START_INPUT|FOCUS PRODUCT|TAB_RETURN|GAP_LONG PRODUCT|CLICK_ELEMENT|CLICK PRODUCT|UNKNOWN_EVENT|time_to_first_click PRODUCT|EDIT_INPUT|CHANGE PRODUCT|SEARCH_USE|INPUT PRODUCT|EDIT_INPUT|CHANGE PRODUCT|SEARCH_USE|INPUT PRODUCT|EDIT_INPUT|CHANGE PRODUCT|CLICK_ELEMENT|CLICK PRODUCT|ENTER_PRODUCT|NONE PRODUCT|SEARCH_USE|INPUT PRODUCT|HOVER_ELEMENT|HOVER_SHORT PRODUCT|EDIT_INPUT|BLUR PRODUCT|ABANDON_INPUT|EMPTY PRODUCT|TAB_OUT|NONE PRODUCT|TAB_RETURN|GAP_SHORT PRODUCT|HOVER_ELEMENT|HOVER_SHORT PRODUCT|INACTIVE|GAP_LONG PRODUCT|HOVER_ELEMENT|HOVER_SHORT PRODUCT|TAB_OUT|NONE PRODUCT|INACTIVE|GAP_LONG PRODUCT|TAB_RETURN|GAP_LONG PRODUCT|TAB_OUT|NONE
374c257f-53c6-4044-8614-a055ed616c00,1777182549478.0,1777188074205.0,12,HOME|START_SESSION|NONE HOME|ADD_CART|HOVER_SHORT HOME|ADD_CART|CLICK HOME|UNKNOWN_EVENT|time_to_first_click HOME|ADD_CART|HOVER_SHORT HOME|HOVER_ELEMENT|HOVER_SHORT HOME|ADD_CART|CLICK HOME|ADD_CART|HOVER_SHORT HOME|INACTIVE|GAP_MEDIUM HOME|ADD_CART|HOVER_LONG HOME|INACTIVE|GAP_LONG HOME|TAB_OUT|NONE
8a86d2a5-c563-40a8-b51f-2cb2897cacf4,1777182616989.0,1777182629329.0,4,HOME|START_SESSION|NONE HOME|ENTER_HOME|NONE HOME|CHECK_PRICE|HOVER_SHORT HOME|TAB_OUT|NONE
0b19519f-bb1a-4c59-91cb-2394cf0551e3,1777182638275.0,1777182651632.0,4,HOME|START_SESSION|NONE HOME|HOVER_ELEMENT|HOVER_SHORT HOME|HOVER_ELEMENT|HOVER_LONG HOME|TAB_OUT|NONE
c999f1a9-8b39-434e-9084-42c411a08f9a,1777268684483.0,1777270646221.0,45,PRODUCT|START_SESSION|NONE PRODUCT|TAB_RETURN|GAP_UNKNOWN PRODUCT|ADD_CART|CLICK PRODUCT|UNKNOWN_EVENT|time_to_first_click HOME|ENTER_HOME|NONE HOME|ADD_CART|HOVER_SHORT HOME|HOVER_ELEMENT|HOVER_SHORT HOME|SCROLL_HOME|SCROLL_LOW HOME|HOVER_ELEMENT|HOVER_SHORT HOME|SCROLL_HOME|SCROLL_LOW PRODUCT|ZOOM_IMAGE|ZOOM HOME|CLICK_ELEMENT|CLICK HOME|UNKNOWN_EVENT|time_to_first_click PRODUCT|VIEW_PRODUCT|CLICK PRODUCT|ENTER_PRODUCT|NONE PRODUCT|SCROLL_PRODUCT|SCROLL_UNKNOWN PRODUCT|VIEW_REVIEW|HOVER_SHORT PRODUCT|ADD_CART|CLICK PRODUCT|UNKNOWN_EVENT|time_to_first_click PRODUCT|ADD_CART|CLICK CART|ENTER_CART|NONE CART|ADD_CART|CLICK CART|UNKNOWN_EVENT|time_to_first_click HOME|ENTER_HOME|NONE HOME|ADD_CART|HOVER_SHORT HOME|SCROLL_HOME|SCROLL_LOW HOME|HOVER_ELEMENT|HOVER_SHORT HOME|CLICK_ELEMENT|CLICK HOME|UNKNOWN_EVENT|time_to_first_click PRODUCT|VIEW_PRODUCT|CLICK PRODUCT|ENTER_PRODUCT|NONE PRODUCT|SCROLL_PRODUCT|SCROLL_UNKNOWN PRODUCT|ADD_CART|CLICK PRODUCT|UNKNOWN_EVENT|time_to_first_click PRODUCT|ADD_CART|CLICK PRODUCT|ADD_CART|HOVER_SHORT PRODUCT|ADD_CART|CLICK CART|ENTER_CART|NONE CART|CHECK_PRICE|HOVER_SHORT CART|CLICK_ELEMENT|CLICK CART|UNKNOWN_EVENT|time_to_first_click CART|HOVER_ELEMENT|HOVER_SHORT CART|CLICK_ELEMENT|CLICK CART|ADD_CART|HOVER_SHORT CART|TAB_OUT|NONE
4344c67f-d6e9-4142-99ab-0ecd3dc31d33,1777270402829.0,1777270645626.0,79,PRODUCT|TAB_OUT|NONE HOME|START_SESSION|NONE HOME|SCROLL_HOME|SCROLL_LOW HOME|CHECK_PRICE|HOVER_SHORT HOME|SCROLL_HOME|SCROLL_LOW HOME|SCROLL_HOME|SCROLL_MID HOME|CHECK_SHIPPING|HOVER_SHORT HOME|SCROLL_HOME|SCROLL_MID HOME|SCROLL_HOME|SCROLL_HIGH HOME|SCROLL_HOME|SCROLL_MID HOME|SCROLL_HOME|SCROLL_LOW HOME|SCROLL_HOME|SCROLL_UNKNOWN HOME|SCROLL_HOME|SCROLL_LOW HOME|SCROLL_HOME|SCROLL_MID HOME|HOVER_ELEMENT|HOVER_SHORT HOME|SCROLL_HOME|SCROLL_LOW HOME|HOVER_ELEMENT|HOVER_SHORT HOME|SCROLL_HOME|SCROLL_LOW PRODUCT|ZOOM_IMAGE|ZOOM HOME|HOVER_ELEMENT|HOVER_SHORT PRODUCT|ENTER_PRODUCT|NONE PRODUCT|CLICK_ELEMENT|CLICK PRODUCT|UNKNOWN_EVENT|time_to_first_click PRODUCT|VIEW_PRODUCT|CLICK PRODUCT|SCROLL_PRODUCT|SCROLL_UNKNOWN PRODUCT|HOVER_ELEMENT|HOVER_SHORT PRODUCT|CHECK_SHIPPING|HOVER_SHORT PRODUCT|SCROLL_PRODUCT|SCROLL_LOW PRODUCT|SCROLL_PRODUCT|SCROLL_MID PRODUCT|HOVER_ELEMENT|HOVER_SHORT PRODUCT|ZOOM_IMAGE|ZOOM PRODUCT|SCROLL_PRODUCT|SCROLL_MID PRODUCT|SCROLL_PRODUCT|SCROLL_HIGH PRODUCT|SCROLL_PRODUCT|SCROLL_MID PRODUCT|HOVER_ELEMENT|HOVER_SHORT PRODUCT|SCROLL_PRODUCT|SCROLL_MID PRODUCT|ADD_CART|CLICK PRODUCT|SCROLL_PRODUCT|SCROLL_MID PRODUCT|ADD_CART|HOVER_SHORT PRODUCT|SCROLL_PRODUCT|SCROLL_LOW PRODUCT|ADD_CART|HOVER_SHORT CART|ENTER_CART|NONE CART|CLICK_ELEMENT|CLICK CART|UNKNOWN_EVENT|time_to_first_click CART|HOVER_ELEMENT|HOVER_SHORT CART|CLICK_ELEMENT|CLICK CART|REMOVE_CART|CLICK CART|HOVER_ELEMENT|HOVER_SHORT CART|TAB_OUT|NONE CART|INACTIVE|GAP_LONG CART|TAB_RETURN|GAP_LONG CART|HOVER_ELEMENT|HOVER_SHORT CART|ADD_CART|HOVER_SHORT PRODUCT|ENTER_PRODUCT|NONE PRODUCT|CLICK_ELEMENT|CLICK PRODUCT|UNKNOWN_EVENT|time_to_first_click PRODUCT|HOVER_ELEMENT|HOVER_LONG PRODUCT|ENTER_PRODUCT|NONE PRODUCT|CLICK_ELEMENT|CLICK PRODUCT|UNKNOWN_EVENT|time_to_first_click PRODUCT|VIEW_PRODUCT|CLICK PRODUCT|SCROLL_PRODUCT|SCROLL_UNKNOWN PRODUCT|CHECK_PRICE|HOVER_SHORT PRODUCT|SCROLL_PRODUCT|SCROLL_LOW PRODUCT|SCROLL_PRODUCT|SCROLL_MID PRODUCT|SCROLL_PRODUCT|SCROLL_HIGH PRODUCT|VIEW_REVIEW|HOVER_SHORT PRODUCT|SCROLL_PRODUCT|SCROLL_HIGH PRODUCT|SCROLL_PRODUCT|SCROLL_MID PRODUCT|SCROLL_PRODUCT|SCROLL_LOW PRODUCT|ZOOM_IMAGE|ZOOM PRODUCT|HOVER_ELEMENT|HOVER_SHORT PRODUCT|SCROLL_PRODUCT|SCROLL_LOW PRODUCT|VIEW_REVIEW|HOVER_SHORT PRODUCT|HOVER_ELEMENT|HOVER_SHORT PRODUCT|ENTER_PRODUCT|NONE PRODUCT|SCROLL_PRODUCT|SCROLL_LOW PRODUCT|HOVER_ELEMENT|HOVER_SHORT PRODUCT|TAB_OUT|NONE
de9f2ec7-240a-43d9-a16e-fe5aa9dd744d,1777286245074.0,1777286463110.0,83,HOME|START_SESSION|NONE HOME|TAB_RETURN|GAP_UNKNOWN HOME|UNKNOWN_EVENT|screen_resize HOME|CLICK_ELEMENT|CLICK HOME|UNKNOWN_EVENT|time_to_first_click HOME|HOVER_ELEMENT|HOVER_SHORT HOME|INACTIVE|GAP_LONG HOME|ADD_CART|HOVER_SHORT HOME|SCROLL_HOME|SCROLL_LOW HOME|HOVER_ELEMENT|HOVER_SHORT HOME|SCROLL_HOME|SCROLL_LOW HOME|HOVER_ELEMENT|HOVER_SHORT HOME|CLICK_ELEMENT|CLICK PRODUCT|VIEW_PRODUCT|CLICK PRODUCT|ENTER_PRODUCT|NONE PRODUCT|SCROLL_PRODUCT|SCROLL_UNKNOWN PRODUCT|HOVER_ELEMENT|HOVER_SHORT PRODUCT|VIEW_REVIEW|HOVER_SHORT PRODUCT|SCROLL_PRODUCT|SCROLL_LOW PRODUCT|HOVER_ELEMENT|HOVER_SHORT PRODUCT|ADD_CART|CLICK PRODUCT|UNKNOWN_EVENT|time_to_first_click PRODUCT|ADD_CART|CLICK PRODUCT|ADD_CART|HOVER_SHORT PRODUCT|HOVER_ELEMENT|HOVER_SHORT PRODUCT|ADD_CART|CLICK CART|ENTER_CART|NONE CART|SCROLL_PAGE|SCROLL_UNKNOWN CART|CHECK_SHIPPING|HOVER_SHORT CART|INACTIVE|GAP_LONG CART|CHECK_PRICE|HOVER_SHORT CART|CLICK_ELEMENT|CLICK CART|UNKNOWN_EVENT|time_to_first_click CART|CLICK_BUY|CLICK CART|HOVER_ELEMENT|HOVER_SHORT CART|START_INPUT|FOCUS CART|CLICK_ELEMENT|CLICK CART|EDIT_INPUT|CHANGE CART|HOVER_ELEMENT|HOVER_SHORT CART|CHECK_PRICE|HOVER_LONG CART|EDIT_INPUT|BLUR CART|CHECK_PRICE|HOVER_SHORT CART|HOVER_ELEMENT|HOVER_SHORT CART|START_INPUT|FOCUS CART|EDIT_INPUT|BLUR CART|CLICK_ELEMENT|CLICK CART|ADD_CART|HOVER_LONG CART|INACTIVE|GAP_MEDIUM CART|ADD_CART|HOVER_SHORT CART|HOVER_ELEMENT|HOVER_SHORT CART|ADD_CART|CLICK HOME|ENTER_HOME|NONE HOME|ADD_CART|HOVER_SHORT PRODUCT|ZOOM_IMAGE|ZOOM HOME|SCROLL_HOME|SCROLL_LOW HOME|HOVER_ELEMENT|HOVER_SHORT HOME|SCROLL_HOME|SCROLL_LOW HOME|CHECK_PRICE|HOVER_SHORT HOME|SCROLL_HOME|SCROLL_LOW HOME|CHECK_SHIPPING|HOVER_SHORT HOME|CLICK_ELEMENT|CLICK HOME|UNKNOWN_EVENT|time_to_first_click PRODUCT|VIEW_PRODUCT|CLICK PRODUCT|ENTER_PRODUCT|NONE PRODUCT|SCROLL_PRODUCT|SCROLL_UNKNOWN PRODUCT|SCROLL_PRODUCT|SCROLL_LOW PRODUCT|HOVER_ELEMENT|HOVER_SHORT PRODUCT|ADD_CART|CLICK PRODUCT|UNKNOWN_EVENT|time_to_first_click PRODUCT|ADD_CART|CLICK PRODUCT|ADD_CART|HOVER_SHORT PRODUCT|ADD_CART|CLICK CART|ENTER_CART|NONE CART|SCROLL_PAGE|SCROLL_UNKNOWN CART|HOVER_ELEMENT|HOVER_SHORT CART|CHECK_PRICE|HOVER_SHORT CART|CLICK_ELEMENT|CLICK CART|UNKNOWN_EVENT|time_to_first_click CART|HOVER_ELEMENT|HOVER_SHORT CART|CHECK_PRICE|HOVER_SHORT CART|SCROLL_PAGE|SCROLL_LOW CART|CHECK_PRICE|HOVER_SHORT CART|HOVER_ELEMENT|HOVER_SHORT
6815522b-6f6e-455b-b115-41fa3438245c,1777294849173.0,1777295009022.0,30,HOME|START_SESSION|NONE HOME|ENTER_HOME|NONE HOME|UNKNOWN_EVENT|screen_resize HOME|CHECK_PRICE|HOVER_SHORT HOME|HOVER_ELEMENT|HOVER_SHORT HOME|SCROLL_HOME|SCROLL_LOW HOME|SCROLL_HOME|SCROLL_MID PRODUCT|ENTER_PRODUCT|NONE PRODUCT|CLICK_ELEMENT|CLICK PRODUCT|UNKNOWN_EVENT|time_to_first_click PRODUCT|SCROLL_PRODUCT|SCROLL_HIGH PRODUCT|SCROLL_PRODUCT|SCROLL_MID PRODUCT|SCROLL_PRODUCT|SCROLL_HIGH PRODUCT|CHECK_PRICE|HOVER_SHORT PRODUCT|CHECK_SHIPPING|HOVER_SHORT PRODUCT|SCROLL_PRODUCT|SCROLL_HIGH PRODUCT|SCROLL_PRODUCT|SCROLL_MID PRODUCT|CHECK_PRICE|HOVER_SHORT PRODUCT|SCROLL_PRODUCT|SCROLL_MID PRODUCT|SCROLL_PRODUCT|SCROLL_LOW PRODUCT|CHECK_PRICE|HOVER_SHORT PRODUCT|SCROLL_PRODUCT|SCROLL_LOW PRODUCT|HOVER_ELEMENT|HOVER_SHORT PRODUCT|CHECK_PRICE|HOVER_SHORT PRODUCT|HOVER_ELEMENT|HOVER_SHORT PRODUCT|INACTIVE|GAP_MEDIUM PRODUCT|START_SESSION|NONE PRODUCT|UNKNOWN_EVENT|screen_resize PRODUCT|HOVER_ELEMENT|HOVER_SHORT PRODUCT|TAB_OUT|NONE
fb56d51e-78c5-493c-b85c-ec3d4e86d47e,1777294911648.0,1777295014860.0,57,HOME|START_SESSION|NONE HOME|HOVER_ELEMENT|HOVER_SHORT HOME|UNKNOWN_EVENT|screen_resize HOME|INACTIVE|GAP_SHORT HOME|SCROLL_HOME|SCROLL_LOW HOME|SCROLL_HOME|SCROLL_HIGH HOME|SCROLL_HOME|SCROLL_MID HOME|SCROLL_HOME|SCROLL_HIGH HOME|ADD_CART|HOVER_SHORT HOME|ADD_CART|CLICK HOME|UNKNOWN_EVENT|time_to_first_click PRODUCT|ADD_CART|CLICK HOME|ADD_CART|HOVER_SHORT HOME|SCROLL_HOME|SCROLL_UNKNOWN HOME|HOVER_ELEMENT|HOVER_SHORT HOME|ADD_CART|CLICK PRODUCT|ADD_CART|CLICK HOME|ADD_CART|HOVER_SHORT HOME|CLICK_BUY|HOVER_SHORT HOME|VIEW_REVIEW|HOVER_SHORT HOME|CLICK_BUY|CLICK PRODUCT|CLICK_BUY|CLICK HOME|CLICK_BUY|HOVER_SHORT HOME|CHECK_SIZE|HOVER_SHORT HOME|CLICK_ELEMENT|CLICK PRODUCT|CLICK_BUY|CLICK HOME|HOVER_ELEMENT|HOVER_SHORT HOME|CHECK_SHIPPING|HOVER_SHORT HOME|HOVER_ELEMENT|HOVER_SHORT HOME|SCROLL_HOME|SCROLL_LOW HOME|SCROLL_HOME|SCROLL_MID HOME|HOVER_ELEMENT|HOVER_SHORT HOME|SCROLL_HOME|SCROLL_HIGH HOME|CHECK_SHIPPING|HOVER_SHORT HOME|SCROLL_HOME|SCROLL_HIGH HOME|SCROLL_HOME|SCROLL_UNKNOWN HOME|HOVER_ELEMENT|HOVER_SHORT HOME|CLICK_ELEMENT|CLICK HOME|HOVER_ELEMENT|HOVER_SHORT HOME|SCROLL_HOME|SCROLL_MID HOME|SCROLL_HOME|SCROLL_HIGH HOME|ADD_CART|HOVER_SHORT HOME|ADD_CART|CLICK PRODUCT|ADD_CART|CLICK HOME|SCROLL_HOME|SCROLL_UNKNOWN HOME|ADD_CART|HOVER_SHORT HOME|HOVER_ELEMENT|HOVER_SHORT HOME|VIEW_REVIEW|HOVER_SHORT HOME|HOVER_ELEMENT|HOVER_SHORT HOME|CLICK_ELEMENT|CLICK HOME|HOVER_ELEMENT|HOVER_SHORT HOME|HOVER_ELEMENT|HOVER_LONG HOME|ADD_CART|HOVER_SHORT HOME|ADD_CART|CLICK PRODUCT|ADD_CART|CLICK HOME|ADD_CART|HOVER_SHORT HOME|TAB_OUT|NONE
ac472bfb-2255-45e4-ac65-7a9097c6f8ad,1777295014918.0,1777297192044.0,126,HOME|START_SESSION|NONE HOME|ENTER_HOME|NONE PRODUCT|ENTER_PRODUCT|NONE PRODUCT|CLICK_ELEMENT|CLICK PRODUCT|UNKNOWN_EVENT|time_to_first_click PRODUCT|CHECK_PRICE|HOVER_SHORT PRODUCT|SCROLL_PRODUCT|SCROLL_MID PRODUCT|SCROLL_PRODUCT|SCROLL_LOW PRODUCT|SCROLL_PRODUCT|SCROLL_MID PRODUCT|SCROLL_PRODUCT|SCROLL_LOW PRODUCT|SCROLL_PRODUCT|SCROLL_UNKNOWN PRODUCT|SCROLL_PRODUCT|SCROLL_LOW PRODUCT|CHECK_PRICE|HOVER_SHORT PRODUCT|HOVER_ELEMENT|HOVER_SHORT PRODUCT|ENTER_PRODUCT|NONE PRODUCT|CLICK_ELEMENT|CLICK PRODUCT|UNKNOWN_EVENT|time_to_first_click PRODUCT|VIEW_PRODUCT|CLICK PRODUCT|SCROLL_PRODUCT|SCROLL_UNKNOWN PRODUCT|HOVER_ELEMENT|HOVER_SHORT PRODUCT|VIEW_REVIEW|HOVER_SHORT PRODUCT|ADD_CART|CLICK PRODUCT|ADD_CART|HOVER_SHORT PRODUCT|VIEW_REVIEW|HOVER_SHORT CART|ENTER_CART|NONE CART|CLICK_ELEMENT|CLICK CART|UNKNOWN_EVENT|time_to_first_click CART|HOVER_ELEMENT|HOVER_SHORT CART|CLICK_ELEMENT|CLICK CART|REMOVE_CART|CLICK CART|CHECK_SIZE|HOVER_SHORT CART|INACTIVE|GAP_SHORT CART|CLICK_ELEMENT|CLICK CART|REMOVE_CART|CLICK CART|CLICK_ELEMENT|CLICK CART|REMOVE_CART|CLICK CART|CLICK_ELEMENT|CLICK CART|REMOVE_CART|CLICK CART|ADD_CART|HOVER_SHORT HOME|ENTER_HOME|NONE HOME|CLICK_ELEMENT|CLICK HOME|UNKNOWN_EVENT|time_to_first_click HOME|HOVER_ELEMENT|HOVER_SHORT HOME|INACTIVE|GAP_LONG HOME|CHECK_PRICE|HOVER_SHORT HOME|HOVER_ELEMENT|HOVER_SHORT PRODUCT|ENTER_PRODUCT|NONE PRODUCT|CLICK_ELEMENT|CLICK PRODUCT|UNKNOWN_EVENT|time_to_first_click PRODUCT|CHECK_PRICE|HOVER_SHORT PRODUCT|ENTER_PRODUCT|NONE PRODUCT|CHECK_SIZE|CLICK PRODUCT|UNKNOWN_EVENT|time_to_first_click PRODUCT|VIEW_PRODUCT|CLICK PRODUCT|HOVER_ELEMENT|HOVER_SHORT PRODUCT|CLICK_ELEMENT|CLICK PRODUCT|HOVER_ELEMENT|HOVER_SHORT PRODUCT|ADD_CART|CLICK PRODUCT|ADD_CART|HOVER_SHORT PRODUCT|HOVER_ELEMENT|HOVER_SHORT CART|ENTER_CART|NONE CART|CLICK_ELEMENT|CLICK CART|UNKNOWN_EVENT|time_to_first_click CART|HOVER_ELEMENT|HOVER_SHORT CART|CLICK_ELEMENT|CLICK CART|REMOVE_CART|CLICK CART|HOVER_ELEMENT|HOVER_SHORT CART|ADD_CART|HOVER_SHORT PRODUCT|ENTER_PRODUCT|NONE PRODUCT|CLICK_ELEMENT|CLICK PRODUCT|UNKNOWN_EVENT|time_to_first_click PRODUCT|HOVER_ELEMENT|HOVER_LONG PRODUCT|ENTER_PRODUCT|NONE PRODUCT|CLICK_ELEMENT|CLICK PRODUCT|UNKNOWN_EVENT|time_to_first_click PRODUCT|VIEW_PRODUCT|CLICK PRODUCT|VIEW_REVIEW|HOVER_SHORT PRODUCT|SCROLL_PRODUCT|SCROLL_LOW PRODUCT|SCROLL_PRODUCT|SCROLL_MID PRODUCT|VIEW_REVIEW|HOVER_SHORT PRODUCT|SCROLL_PRODUCT|SCROLL_MID PRODUCT|HOVER_ELEMENT|HOVER_LONG PRODUCT|SCROLL_PRODUCT|SCROLL_MID PRODUCT|HOVER_ELEMENT|HOVER_SHORT PRODUCT|SCROLL_PRODUCT|SCROLL_LOW PRODUCT|HOVER_ELEMENT|HOVER_SHORT PRODUCT|SCROLL_PRODUCT|SCROLL_LOW PRODUCT|ZOOM_IMAGE|ZOOM PRODUCT|HOVER_ELEMENT|HOVER_SHORT PRODUCT|ADD_CART|CLICK PRODUCT|ADD_CART|HOVER_SHORT PRODUCT|HOVER_ELEMENT|HOVER_SHORT CART|ENTER_CART|NONE CART|CLICK_ELEMENT|CLICK CART|UNKNOWN_EVENT|time_to_first_click CART|HOVER_ELEMENT|HOVER_SHORT CHECKOUT|ENTER_CHECKOUT|NONE CHECKOUT|CLICK_ELEMENT|CLICK CHECKOUT|UNKNOWN_EVENT|time_to_first_click CHECKOUT|CLICK_BUY|CLICK CHECKOUT|CLICK_BUY|HOVER_SHORT CHECKOUT|HOVER_ELEMENT|HOVER_SHORT CHECKOUT|START_INPUT|FOCUS CHECKOUT|HOVER_ELEMENT|HOVER_SHORT CHECKOUT|EDIT_INPUT|BLUR CHECKOUT|ABANDON_INPUT|EMPTY CHECKOUT|CLICK_ELEMENT|CLICK CHECKOUT|CLICK_BUY|CLICK CHECKOUT|HOVER_ELEMENT|HOVER_SHORT HOME|ENTER_HOME|NONE HOME|CLICK_ELEMENT|CLICK HOME|UNKNOWN_EVENT|time_to_first_click HOME|HOVER_ELEMENT|HOVER_SHORT HOME|CHECK_PRICE|HOVER_SHORT HOME|INACTIVE|GAP_MEDIUM HOME|HOVER_ELEMENT|HOVER_SHORT HOME|CHECK_PRICE|HOVER_LONG HOME|HOVER_ELEMENT|HOVER_LONG HOME|INACTIVE|GAP_LONG HOME|CHECK_PRICE|HOVER_LONG HOME|HOVER_ELEMENT|HOVER_SHORT HOME|INACTIVE|GAP_MEDIUM HOME|CHECK_PRICE|HOVER_LONG HOME|TAB_OUT|NONE HOME|START_SESSION|NONE HOME|ENTER_HOME|NONE
3a0e5f88-8e9b-4f9f-9a8e-1a6d4ccc4db9,1777300555736.0,1777300555736.0,1,PRODUCT|TAB_OUT|NONE
ddde88d6-7725-407b-989a-597b7cd36476,1777302444408.0,1777302456292.0,1,HOME|TAB_OUT|NONE
38c6f252-1945-4801-814a-c75840fdcef1,1778513846715.0,1778513897195.0,93,HOME|START_SESSION|NONE PRODUCT|CHECK_PRICE|HOVER_SHORT PRODUCT|SCROLL_PRICE|SCROLL_LOW PRODUCT|SCROLL_PRICE|SCROLL_MID PRODUCT|SCROLL_PRICE|SCROLL_HIGH PRODUCT|CHECK_PRICE|HOVER_SHORT PRODUCT|SCROLL_PRICE|SCROLL_HIGH PRODUCT|SCROLL_PRICE|SCROLL_MID PRODUCT|SCROLL_PRICE|SCROLL_LOW PRODUCT|SCROLL_PRICE|SCROLL_UNKNOWN PRODUCT|CHECK_PRICE|HOVER_SHORT PRODUCT|SCROLL_PRICE|SCROLL_LOW PRODUCT|SCROLL_PRICE|SCROLL_MID PRODUCT|SCROLL_PRICE|SCROLL_HIGH PRODUCT|CHECK_PRICE|HOVER_SHORT PRODUCT|ADD_CART|CLICK HOME|UNKNOWN_EVENT|time_to_first_click PRODUCT|ADD_CART|CLICK PRODUCT|ADD_CART|HOVER_SHORT PRODUCT|SCROLL_PRICE|SCROLL_UNKNOWN PRODUCT|VIEW_REVIEW|HOVER_SHORT PRODUCT|VIEW_REVIEW|CLICK PRODUCT|VIEW_REVIEW|HOVER_SHORT PRODUCT|VIEW_REVIEW|CLICK PRODUCT|SCROLL_REVIEW|SCROLL_HIGH PRODUCT|VIEW_REVIEW|HOVER_SHORT PRODUCT|CHECK_SIZE|HOVER_SHORT PRODUCT|CLICK_BUY|HOVER_SHORT PRODUCT|VIEW_REVIEW|CLICK PRODUCT|VIEW_REVIEW|HOVER_SHORT PRODUCT|SCROLL_REVIEW|SCROLL_MID PRODUCT|VIEW_REVIEW|HOVER_SHORT PRODUCT|VIEW_REVIEW|CLICK PRODUCT|VIEW_REVIEW|HOVER_SHORT PRODUCT|VIEW_REVIEW|CLICK PRODUCT|VIEW_REVIEW|HOVER_SHORT PRODUCT|ADD_CART|CLICK PRODUCT|ADD_CART|HOVER_SHORT PRODUCT|VIEW_REVIEW|CLICK PRODUCT|VIEW_REVIEW|HOVER_SHORT PRODUCT|CHECK_SIZE|HOVER_SHORT PRODUCT|VIEW_REVIEW|CLICK PRODUCT|VIEW_REVIEW|HOVER_SHORT PRODUCT|ADD_CART|HOVER_SHORT PRODUCT|CHECK_SIZE|HOVER_SHORT PRODUCT|VIEW_REVIEW|CLICK PRODUCT|CLICK_BUY|CLICK HOME|HOVER_ELEMENT|HOVER_SHORT PRODUCT|CHECK_SHIPPING|HOVER_SHORT PRODUCT|HOVER_ELEMENT|HOVER_SHORT PRODUCT|START_INPUT|FOCUS PRODUCT|CLICK_ELEMENT|CLICK PRODUCT|EDIT_INPUT|CHANGE PRODUCT|EDIT_INPUT|BLUR PRODUCT|START_INPUT|FOCUS PRODUCT|EDIT_INPUT|CHANGE PRODUCT|EDIT_INPUT|BLUR PRODUCT|START_INPUT|FOCUS PRODUCT|EDIT_INPUT|CHANGE PRODUCT|EDIT_INPUT|BLUR PRODUCT|START_INPUT|FOCUS PRODUCT|EDIT_INPUT|CHANGE PRODUCT|HOVER_ELEMENT|HOVER_LONG PRODUCT|EDIT_INPUT|BLUR PRODUCT|START_INPUT|FOCUS PRODUCT|CHECK_SHIPPING|CLICK PRODUCT|EDIT_INPUT|CHANGE PRODUCT|CHECK_SHIPPING|CLICK PRODUCT|CHECK_SHIPPING|HOVER_SHORT PRODUCT|SCROLL_PRODUCT_DETAIL|SCROLL_LOW PRODUCT|SCROLL_PRODUCT_DETAIL|SCROLL_MID PRODUCT|HOVER_ELEMENT|HOVER_SHORT PRODUCT|SCROLL_PRODUCT_DETAIL|SCROLL_HIGH PRODUCT|HOVER_ELEMENT|HOVER_SHORT PRODUCT|EDIT_INPUT|BLUR PRODUCT|CLICK_ELEMENT|CLICK PRODUCT|HOVER_ELEMENT|HOVER_SHORT PRODUCT|SCROLL_PRODUCT_DETAIL|SCROLL_UNKNOWN PRODUCT|CHECK_SHIPPING|HOVER_SHORT PRODUCT|CLICK_ELEMENT|CLICK PRODUCT|START_INPUT|FOCUS PRODUCT|CLICK_ELEMENT|CLICK PRODUCT|EDIT_INPUT|CHANGE PRODUCT|HOVER_ELEMENT|HOVER_SHORT PRODUCT|EDIT_INPUT|BLUR PRODUCT|CLICK_ELEMENT|CLICK PRODUCT|CLICK_BUY|CLICK PRODUCT|HOVER_ELEMENT|HOVER_SHORT HOME|CHECK_SHIPPING|HOVER_SHORT HOME|HOVER_ELEMENT|HOVER_SHORT HOME|CHECK_SHIPPING|HOVER_SHORT HOME|HOVER_ELEMENT|HOVER_SHORT HOME|CHECK_SHIPPING|HOVER_SHORT
