session_id,cluster,probability,pca_x,pca_y,original_length,used_length,sequence
b2718b62-d35a-43d6-b13c-8d07aee6524c,2,1.0,-0.5837091207504272,0.32996866106987,13,14,[CLS] HOME|START_SESSION|NONE HOME|ENTER_HOME|NONE HOME|CHECK_PRICE|HOVER_SHORT HOME|INACTIVE|GAP_SHORT HOME|TAB_OUT|NONE HOME|INACTIVE|GAP_MEDIUM HOME|TAB_RETURN|GAP_LONG HOME|TAB_OUT|NONE HOME|TAB_RETURN|GAP_MEDIUM HOME|TAB_OUT|NONE HOME|INACTIVE|GAP_LONG HOME|TAB_RETURN|GAP_LONG HOME|TAB_OUT|NONE
51103c13-7ae7-4008-b600-4f89f5d94219,1,1.0,0.4636891484260559,0.5401588678359985,63,64,[CLS] HOME|START_SESSION|NONE HOME|ENTER_HOME|NONE HOME|TAB_OUT|NONE HOME|TAB_RETURN|GAP_SHORT HOME|TAB_OUT|NONE HOME|INACTIVE|GAP_LONG HOME|TAB_RETURN|GAP_LONG PRODUCT|ENTER_PRODUCT|NONE PRODUCT|CLICK_ELEMENT|CLICK PRODUCT|HOVER_ELEMENT|HOVER_SHORT PRODUCT|INACTIVE|GAP_LONG PRODUCT|TAB_OUT|NONE PRODUCT|TAB_RETURN|GAP_LONG PRODUCT|INACTIVE|GAP_LONG PRODUCT|TAB_OUT|NONE PRODUCT|INACTIVE|GAP_LONG PRODUCT|TAB_RETURN|GAP_LONG PRODUCT|TAB_OUT|NONE PRODUCT|START_SESSION|NONE PRODUCT|CHECK_PRICE|HOVER_LONG PRODUCT|HOVER_ELEMENT|HOVER_SHORT PRODUCT|TAB_OUT|NONE PRODUCT|TAB_RETURN|GAP_SHORT PRODUCT|TAB_OUT|NONE PRODUCT|INACTIVE|GAP_LONG PRODUCT|TAB_RETURN|GAP_LONG PRODUCT|TAB_OUT|NONE PRODUCT|INACTIVE|GAP_LONG PRODUCT|TAB_RETURN|GAP_LONG PRODUCT|TAB_OUT|NONE PRODUCT|TAB_RETURN|GAP_SHORT PRODUCT|TAB_OUT|NONE PRODUCT|INACTIVE|GAP_LONG PRODUCT|TAB_RETURN|GAP_LONG PRODUCT|TAB_OUT|NONE PRODUCT|INACTIVE|GAP_LONG PRODUCT|TAB_RETURN|GAP_LONG PRODUCT|TAB_OUT|NONE PRODUCT|INACTIVE|GAP_LONG PRODUCT|TAB_RETURN|GAP_LONG PRODUCT|TAB_OUT|NONE PRODUCT|INACTIVE|GAP_SHORT PRODUCT|TAB_RETURN|GAP_LONG PRODUCT|TAB_OUT|NONE PRODUCT|TAB_RETURN|GAP_MEDIUM PRODUCT|TAB_OUT|NONE PRODUCT|INACTIVE|GAP_LONG PRODUCT|TAB_RETURN|GAP_LONG PRODUCT|TAB_OUT|NONE PRODUCT|INACTIVE|GAP_LONG PRODUCT|TAB_RETURN|GAP_LONG PRODUCT|TAB_OUT|NONE PRODUCT|TAB_RETURN|GAP_SHORT PRODUCT|TAB_OUT|NONE PRODUCT|INACTIVE|GAP_LONG PRODUCT|TAB_RETURN|GAP_LONG PRODUCT|TAB_OUT|NONE PRODUCT|INACTIVE|GAP_SHORT PRODUCT|TAB_RETURN|GAP_LONG PRODUCT|TAB_OUT|NONE PRODUCT|INACTIVE|GAP_LONG PRODUCT|TAB_RETURN|GAP_LONG PRODUCT|TAB_OUT|NONE
6ec92418-0b4f-468d-83ac-499cc940a566,-1,0.0,-0.17673304677009583,-0.2076939344406128,72,73,[CLS] HOME|START_SESSION|NONE HOME|ENTER_HOME|NONE HOME|HOVER_ELEMENT|HOVER_SHORT HOME|SCROLL_HOME|SCROLL_LOW HOME|SCROLL_HOME|SCROLL_MID HOME|CHECK_PRICE|HOVER_SHORT HOME|SCROLL_HOME|SCROLL_MID HOME|SCROLL_HOME|SCROLL_HIGH HOME|HOVER_ELEMENT|HOVER_SHORT HOME|SCROLL_HOME|SCROLL_HIGH HOME|SCROLL_HOME|SCROLL_MID HOME|CHECK_PRICE|HOVER_SHORT HOME|SCROLL_HOME|SCROLL_MID HOME|SCROLL_HOME|SCROLL_LOW HOME|HOVER_ELEMENT|HOVER_SHORT HOME|CHECK_PRICE|HOVER_SHORT HOME|TAB_OUT|NONE HOME|TAB_RETURN|GAP_LONG HOME|CHECK_PRICE|HOVER_SHORT PRODUCT|ENTER_PRODUCT|NONE PRODUCT|CLICK_ELEMENT|CLICK PRODUCT|CHECK_PRICE|HOVER_SHORT PRODUCT|HOVER_ELEMENT|HOVER_SHORT PRODUCT|TAB_OUT|NONE PRODUCT|TAB_RETURN|GAP_SHORT PRODUCT|TAB_OUT|NONE PRODUCT|INACTIVE|GAP_SHORT PRODUCT|TAB_RETURN|GAP_LONG PRODUCT|TAB_OUT|NONE PRODUCT|INACTIVE|GAP_MEDIUM PRODUCT|TAB_RETURN|GAP_LONG PRODUCT|CHECK_PRICE|HOVER_SHORT PRODUCT|HOVER_ELEMENT|HOVER_SHORT PRODUCT|ENTER_PRODUCT|NONE PRODUCT|CLICK_ELEMENT|CLICK PRODUCT|HOVER_ELEMENT|HOVER_SHORT PRODUCT|CHECK_PRICE|HOVER_SHORT HOME|ENTER_HOME|NONE HOME|CLICK_ELEMENT|CLICK HOME|HOVER_ELEMENT|HOVER_SHORT HOME|SCROLL_HOME|SCROLL_LOW HOME|SCROLL_HOME|SCROLL_MID HOME|CHECK_PRICE|HOVER_SHORT HOME|SCROLL_HOME|SCROLL_MID HOME|SCROLL_HOME|SCROLL_HIGH HOME|HOVER_ELEMENT|HOVER_SHORT HOME|SCROLL_HOME|SCROLL_HIGH HOME|SCROLL_HOME|SCROLL_MID HOME|SCROLL_HOME|SCROLL_LOW HOME|CHECK_SHIPPING|HOVER_SHORT HOME|SCROLL_HOME|SCROLL_LOW HOME|HOVER_ELEMENT|HOVER_SHORT HOME|SCROLL_HOME|SCROLL_LOW HOME|SCROLL_HOME|SCROLL_MID HOME|SCROLL_HOME|SCROLL_HIGH CART|ENTER_CART|NONE CART|CLICK_ELEMENT|CLICK CART|SCROLL_PAGE|SCROLL_HIGH CART|SCROLL_PAGE|SCROLL_MID CART|SCROLL_PAGE|SCROLL_LOW CART|HOVER_ELEMENT|HOVER_SHORT CHECKOUT|ENTER_CHECKOUT|NONE CHECKOUT|CLICK_ELEMENT|CLICK CHECKOUT|CLICK_BUY|CLICK CHECKOUT|SCROLL_PAGE|SCROLL_LOW CHECKOUT|SCROLL_PAGE|SCROLL_MID CHECKOUT|SCROLL_PAGE|SCROLL_HIGH CHECKOUT|CLICK_ELEMENT|CLICK CHECKOUT|EDIT_INPUT|CHANGE CHECKOUT|SCROLL_PAGE|SCROLL_HIGH CHECKOUT|SCROLL_PAGE|SCROLL_MID CHECKOUT|SCROLL_PAGE|SCROLL_LOW
e62a58bb-dac5-4dea-bf32-89d533dcd2aa,3,0.9482245257353334,-0.7125027179718018,-0.23677286505699158,19,20,[CLS] HOME|START_SESSION|NONE HOME|ENTER_HOME|NONE HOME|CHECK_PRICE|HOVER_SHORT UNKNOWN|ENTER_UNKNOWN|NONE HOME|CLICK_ELEMENT|CLICK HOME|START_INPUT|FOCUS HOME|HOVER_ELEMENT|HOVER_SHORT HOME|EDIT_INPUT|BLUR HOME|ABANDON_INPUT|EMPTY HOME|ENTER_HOME|NONE HOME|CLICK_ELEMENT|CLICK HOME|HOVER_ELEMENT|HOVER_SHORT HOME|SCROLL_HOME|SCROLL_LOW HOME|SCROLL_HOME|SCROLL_MID HOME|SCROLL_HOME|SCROLL_LOW HOME|HOVER_ELEMENT|HOVER_SHORT HOME|TAB_OUT|NONE HOME|TAB_RETURN|GAP_MEDIUM HOME|TAB_OUT|NONE
f1d12e22-ef06-493d-97e7-6cc5aa9ad86d,-1,0.0,-0.26695865392684937,0.8928686380386353,46,47,[CLS] UNKNOWN|START_SESSION|NONE UNKNOWN|CLICK_ELEMENT|CLICK UNKNOWN|TAB_OUT|NONE UNKNOWN|INACTIVE|GAP_LONG UNKNOWN|START_SESSION|NONE UNKNOWN|CLICK_ELEMENT|CLICK UNKNOWN|HOVER_ELEMENT|HOVER_SHORT UNKNOWN|CLICK_ELEMENT|CLICK UNKNOWN|HOVER_ELEMENT|HOVER_SHORT UNKNOWN|CLICK_ELEMENT|CLICK UNKNOWN|TAB_OUT|NONE UNKNOWN|START_SESSION|NONE UNKNOWN|CLICK_ELEMENT|CLICK UNKNOWN|TAB_OUT|NONE UNKNOWN|START_SESSION|NONE UNKNOWN|TAB_OUT|NONE UNKNOWN|START_SESSION|NONE UNKNOWN|INACTIVE|GAP_MEDIUM UNKNOWN|TAB_OUT|NONE UNKNOWN|TAB_RETURN|GAP_SHORT UNKNOWN|CLICK_ELEMENT|CLICK UNKNOWN|TAB_OUT|NONE UNKNOWN|INACTIVE|GAP_MEDIUM UNKNOWN|INACTIVE|GAP_LONG UNKNOWN|TAB_RETURN|GAP_LONG UNKNOWN|TAB_OUT|NONE UNKNOWN|INACTIVE|GAP_MEDIUM UNKNOWN|TAB_RETURN|GAP_LONG UNKNOWN|INACTIVE|GAP_LONG UNKNOWN|TAB_OUT|NONE UNKNOWN|START_SESSION|NONE UNKNOWN|INACTIVE|GAP_LONG UNKNOWN|TAB_RETURN|GAP_UNKNOWN UNKNOWN|TAB_OUT|NONE UNKNOWN|INACTIVE|GAP_LONG UNKNOWN|TAB_RETURN|GAP_LONG UNKNOWN|TAB_OUT|NONE UNKNOWN|INACTIVE|GAP_LONG UNKNOWN|TAB_RETURN|GAP_LONG UNKNOWN|TAB_OUT|NONE UNKNOWN|INACTIVE|GAP_LONG UNKNOWN|TAB_RETURN|GAP_LONG UNKNOWN|TAB_OUT|NONE UNKNOWN|INACTIVE|GAP_LONG UNKNOWN|TAB_RETURN|GAP_LONG UNKNOWN|TAB_OUT|NONE
08a47b6e-271a-42e7-9d33-35d2fba97176,3,1.0,-0.6960954070091248,-0.32555827498435974,35,36,[CLS] HOME|START_SESSION|NONE HOME|TAB_OUT|NONE HOME|TAB_RETURN|GAP_MEDIUM HOME|SCROLL_HOME|SCROLL_LOW HOME|SCROLL_HOME|SCROLL_MID HOME|SCROLL_HOME|SCROLL_HIGH HOME|SCROLL_HOME|SCROLL_MID HOME|SCROLL_HOME|SCROLL_LOW HOME|SCROLL_HOME|SCROLL_UNKNOWN HOME|INACTIVE|GAP_SHORT HOME|CLICK_ELEMENT|CLICK HOME|HOVER_ELEMENT|HOVER_LONG HOME|CLICK_ELEMENT|CLICK HOME|HOVER_ELEMENT|HOVER_SHORT HOME|CLICK_ELEMENT|CLICK HOME|HOVER_ELEMENT|HOVER_LONG HOME|CLICK_ELEMENT|CLICK HOME|HOVER_ELEMENT|HOVER_SHORT HOME|START_INPUT|FOCUS HOME|CLICK_ELEMENT|CLICK HOME|EDIT_INPUT|BLUR HOME|ABANDON_INPUT|EMPTY HOME|TAB_OUT|NONE HOME|START_SESSION|NONE HOME|TAB_OUT|NONE HOME|START_SESSION|NONE HOME|TAB_OUT|NONE HOME|INACTIVE|GAP_LONG HOME|TAB_RETURN|GAP_LONG HOME|CLICK_ELEMENT|CLICK HOME|HOVER_ELEMENT|HOVER_SHORT HOME|CLICK_ELEMENT|CLICK HOME|TAB_OUT|NONE HOME|TAB_RETURN|GAP_SHORT HOME|TAB_OUT|NONE
f8700edb-6e70-4a75-b972-bb407974327d,3,1.0,-0.6627358198165894,-0.27974238991737366,79,80,[CLS] HOME|START_SESSION|NONE HOME|SCROLL_HOME|SCROLL_MID HOME|SCROLL_HOME|SCROLL_LOW HOME|SCROLL_HOME|SCROLL_MID HOME|SCROLL_HOME|SCROLL_HIGH HOME|SCROLL_HOME|SCROLL_MID HOME|SCROLL_HOME|SCROLL_LOW HOME|SCROLL_HOME|SCROLL_UNKNOWN HOME|INACTIVE|GAP_LONG HOME|TAB_OUT|NONE HOME|INACTIVE|GAP_LONG HOME|TAB_RETURN|GAP_LONG HOME|TAB_OUT|NONE HOME|TAB_RETURN|GAP_MEDIUM HOME|CLICK_ELEMENT|CLICK HOME|HOVER_ELEMENT|HOVER_SHORT HOME|ADD_CART|CLICK HOME|ADD_CART|HOVER_SHORT HOME|CLICK_ELEMENT|CLICK HOME|HOVER_ELEMENT|HOVER_SHORT HOME|CLICK_ELEMENT|CLICK HOME|HOVER_ELEMENT|HOVER_SHORT HOME|ADD_CART|CLICK HOME|ADD_CART|HOVER_SHORT HOME|CLICK_ELEMENT|CLICK HOME|HOVER_ELEMENT|HOVER_LONG HOME|CLICK_ELEMENT|CLICK HOME|HOVER_ELEMENT|HOVER_LONG HOME|CLICK_ELEMENT|CLICK HOME|HOVER_ELEMENT|HOVER_LONG HOME|START_INPUT|FOCUS HOME|CLICK_ELEMENT|CLICK HOME|EDIT_INPUT|CHANGE HOME|HOVER_ELEMENT|HOVER_LONG HOME|EDIT_INPUT|BLUR HOME|CLICK_ELEMENT|CLICK HOME|HOVER_ELEMENT|HOVER_SHORT HOME|CLICK_ELEMENT|CLICK HOME|HOVER_ELEMENT|HOVER_SHORT HOME|CLICK_ELEMENT|CLICK HOME|START_INPUT|FOCUS HOME|CLICK_ELEMENT|CLICK HOME|EDIT_INPUT|CHANGE HOME|HOVER_ELEMENT|HOVER_SHORT HOME|EDIT_INPUT|BLUR HOME|CLICK_BUY|CLICK HOME|TAB_OUT|NONE HOME|START_SESSION|NONE HOME|SCROLL_HOME|SCROLL_LOW HOME|CLICK_ELEMENT|CLICK HOME|SCROLL_HOME|SCROLL_UNKNOWN HOME|HOVER_ELEMENT|HOVER_SHORT HOME|ADD_CART|HOVER_SHORT HOME|CLICK_ELEMENT|CLICK HOME|HOVER_ELEMENT|HOVER_SHORT HOME|CLICK_ELEMENT|CLICK HOME|INACTIVE|GAP_LONG HOME|SCROLL_HOME|SCROLL_LOW HOME|SCROLL_HOME|SCROLL_UNKNOWN HOME|SCROLL_HOME|SCROLL_LOW HOME|SCROLL_HOME|SCROLL_MID HOME|SCROLL_HOME|SCROLL_LOW HOME|SCROLL_HOME|SCROLL_MID HOME|SCROLL_HOME|SCROLL_HIGH HOME|INACTIVE|GAP_MEDIUM HOME|TAB_OUT|NONE HOME|TAB_RETURN|GAP_SHORT HOME|TAB_OUT|NONE HOME|INACTIVE|GAP_LONG HOME|TAB_RETURN|GAP_LONG HOME|SCROLL_HOME|SCROLL_HIGH HOME|SCROLL_HOME|SCROLL_MID HOME|SCROLL_HOME|SCROLL_LOW HOME|SCROLL_HOME|SCROLL_UNKNOWN HOME|TAB_OUT|NONE HOME|INACTIVE|GAP_SHORT HOME|INACTIVE|GAP_LONG HOME|TAB_RETURN|GAP_LONG HOME|TAB_OUT|NONE
fdb238a7-9990-4638-a820-52e71f7a8214,-1,0.0,-0.3297291100025177,0.8784250020980835,12,13,[CLS] UNKNOWN|START_SESSION|NONE UNKNOWN|TAB_OUT|NONE UNKNOWN|INACTIVE|GAP_LONG UNKNOWN|TAB_RETURN|GAP_LONG UNKNOWN|HOVER_ELEMENT|HOVER_SHORT UNKNOWN|TAB_OUT|NONE UNKNOWN|INACTIVE|GAP_LONG UNKNOWN|TAB_RETURN|GAP_LONG UNKNOWN|TAB_OUT|NONE UNKNOWN|INACTIVE|GAP_LONG UNKNOWN|TAB_RETURN|GAP_LONG UNKNOWN|TAB_OUT|NONE
b365578e-5451-42a4-a3dd-3952b6e07d5d,1,1.0,0.7120929956436157,0.4898240864276886,89,90,[CLS] HOME|START_SESSION|NONE HOME|ENTER_HOME|NONE HOME|CHECK_PRICE|HOVER_SHORT HOME|SCROLL_HOME|SCROLL_LOW HOME|HOVER_ELEMENT|HOVER_SHORT HOME|CHECK_PRICE|HOVER_SHORT HOME|SCROLL_HOME|SCROLL_LOW PRODUCT|ENTER_PRODUCT|NONE PRODUCT|CLICK_ELEMENT|CLICK PRODUCT|SCROLL_PRODUCT|SCROLL_HIGH PRODUCT|SCROLL_PRODUCT|SCROLL_LOW PRODUCT|SCROLL_PRODUCT|SCROLL_MID PRODUCT|SCROLL_PRODUCT|SCROLL_HIGH PRODUCT|CHECK_SHIPPING|HOVER_SHORT PRODUCT|CHECK_PRICE|HOVER_SHORT PRODUCT|HOVER_ELEMENT|HOVER_SHORT PRODUCT|CHECK_PRICE|HOVER_SHORT PRODUCT|SCROLL_PRODUCT|SCROLL_LOW PRODUCT|SCROLL_PRODUCT|SCROLL_UNKNOWN PRODUCT|SCROLL_PRODUCT|SCROLL_HIGH PRODUCT|CHECK_PRICE|HOVER_SHORT PRODUCT|SCROLL_PRODUCT|SCROLL_HIGH PRODUCT|SCROLL_PRODUCT|SCROLL_UNKNOWN PRODUCT|CHECK_SHIPPING|HOVER_SHORT PRODUCT|CHECK_PRICE|HOVER_SHORT PRODUCT|HOVER_ELEMENT|HOVER_SHORT PRODUCT|CHECK_PRICE|HOVER_SHORT PRODUCT|CHECK_SHIPPING|HOVER_SHORT PRODUCT|INACTIVE|GAP_MEDIUM PRODUCT|HOVER_ELEMENT|HOVER_LONG PRODUCT|HOVER_ELEMENT|HOVER_SHORT PRODUCT|TAB_OUT|NONE PRODUCT|INACTIVE|GAP_LONG PRODUCT|TAB_RETURN|GAP_LONG PRODUCT|HOVER_ELEMENT|HOVER_SHORT PRODUCT|TAB_OUT|NONE PRODUCT|INACTIVE|GAP_LONG PRODUCT|TAB_RETURN|GAP_LONG PRODUCT|CHECK_PRICE|HOVER_SHORT PRODUCT|TAB_OUT|NONE PRODUCT|TAB_RETURN|GAP_SHORT PRODUCT|TAB_OUT|NONE PRODUCT|TAB_RETURN|GAP_SHORT PRODUCT|INACTIVE|GAP_LONG PRODUCT|HOVER_ELEMENT|HOVER_LONG PRODUCT|TAB_OUT|NONE PRODUCT|INACTIVE|GAP_LONG PRODUCT|TAB_RETURN|GAP_LONG PRODUCT|CHECK_PRICE|CLICK PRODUCT|CHECK_PRICE|HOVER_SHORT PRODUCT|TAB_OUT|NONE PRODUCT|TAB_RETURN|GAP_SHORT PRODUCT|TAB_OUT|NONE PRODUCT|TAB_RETURN|GAP_SHORT PRODUCT|TAB_OUT|NONE PRODUCT|INACTIVE|GAP_LONG PRODUCT|TAB_RETURN|GAP_LONG PRODUCT|TAB_OUT|NONE PRODUCT|INACTIVE|GAP_LONG PRODUCT|TAB_RETURN|GAP_LONG PRODUCT|INACTIVE|GAP_MEDIUM PRODUCT|TAB_OUT|NONE PRODUCT|INACTIVE|GAP_LONG PRODUCT|TAB_RETURN|GAP_LONG PRODUCT|TAB_OUT|NONE PRODUCT|TAB_RETURN|GAP_LONG PRODUCT|INACTIVE|GAP_LONG PRODUCT|TAB_OUT|NONE PRODUCT|TAB_RETURN|GAP_SHORT PRODUCT|TAB_OUT|NONE PRODUCT|INACTIVE|GAP_LONG PRODUCT|TAB_RETURN|GAP_LONG PRODUCT|TAB_OUT|NONE PRODUCT|INACTIVE|GAP_LONG PRODUCT|TAB_RETURN|GAP_LONG PRODUCT|TAB_OUT|NONE PRODUCT|INACTIVE|GAP_LONG PRODUCT|TAB_RETURN|GAP_LONG PRODUCT|TAB_OUT|NONE PRODUCT|INACTIVE|GAP_LONG PRODUCT|TAB_RETURN|GAP_LONG PRODUCT|TAB_OUT|NONE PRODUCT|INACTIVE|GAP_LONG PRODUCT|TAB_RETURN|GAP_LONG PRODUCT|HOVER_ELEMENT|HOVER_SHORT PRODUCT|ENTER_PRODUCT|NONE PRODUCT|CLICK_ELEMENT|CLICK PRODUCT|HOVER_ELEMENT|HOVER_SHORT PRODUCT|TAB_OUT|NONE
4641ee55-8750-47f9-af8c-97df418c4285,3,1.0,-0.6206038594245911,-0.3097189962863922,34,35,[CLS] HOME|START_SESSION|NONE HOME|HOVER_ELEMENT|HOVER_LONG HOME|HOVER_ELEMENT|HOVER_SHORT HOME|CHECK_SHIPPING|HOVER_SHORT HOME|HOVER_ELEMENT|HOVER_SHORT HOME|SCROLL_HOME|SCROLL_LOW HOME|SCROLL_HOME|SCROLL_MID HOME|SCROLL_HOME|SCROLL_LOW HOME|HOVER_ELEMENT|HOVER_SHORT HOME|TAB_OUT|NONE HOME|TAB_RETURN|GAP_MEDIUM HOME|ADD_CART|HOVER_SHORT HOME|INACTIVE|GAP_LONG HOME|HOVER_ELEMENT|HOVER_SHORT HOME|ADD_CART|HOVER_LONG HOME|HOVER_ELEMENT|HOVER_SHORT HOME|ADD_CART|HOVER_LONG HOME|HOVER_ELEMENT|HOVER_LONG HOME|HOVER_ELEMENT|HOVER_SHORT HOME|INACTIVE|GAP_LONG HOME|HOVER_ELEMENT|HOVER_LONG HOME|HOVER_ELEMENT|HOVER_SHORT HOME|ADD_CART|HOVER_SHORT HOME|INACTIVE|GAP_LONG HOME|TAB_OUT|NONE HOME|INACTIVE|GAP_LONG HOME|TAB_RETURN|GAP_LONG HOME|TAB_OUT|NONE HOME|INACTIVE|GAP_LONG HOME|TAB_RETURN|GAP_LONG HOME|HOVER_ELEMENT|HOVER_SHORT HOME|TAB_OUT|NONE HOME|TAB_RETURN|GAP_MEDIUM HOME|TAB_OUT|NONE
b9aa2da0-cbcf-4edc-bd6a-3457afee8680,0,1.0,0.5773028135299683,-0.43422022461891174,41,42,[CLS] HOME|START_SESSION|NONE HOME|ENTER_HOME|NONE HOME|CHECK_PRICE|HOVER_SHORT HOME|SCROLL_HOME|SCROLL_LOW HOME|SCROLL_HOME|SCROLL_UNKNOWN PRODUCT|ENTER_PRODUCT|NONE PRODUCT|CLICK_ELEMENT|CLICK PRODUCT|INACTIVE|GAP_SHORT PRODUCT|SCROLL_PRODUCT|SCROLL_LOW PRODUCT|ZOOM_IMAGE|ZOOM PRODUCT|SCROLL_PRODUCT|SCROLL_LOW PRODUCT|ZOOM_IMAGE|ZOOM PRODUCT|ENTER_PRODUCT|NONE PRODUCT|CLICK_ELEMENT|CLICK PRODUCT|VIEW_PRODUCT|CLICK PRODUCT|SCROLL_PRODUCT|SCROLL_UNKNOWN PRODUCT|INACTIVE|GAP_MEDIUM PRODUCT|CLICK_ELEMENT|CLICK PRODUCT|HOVER_ELEMENT|HOVER_SHORT PRODUCT|CLICK_ELEMENT|CLICK PRODUCT|HOVER_ELEMENT|HOVER_SHORT PRODUCT|CLICK_ELEMENT|CLICK PRODUCT|HOVER_ELEMENT|HOVER_SHORT PRODUCT|CLICK_ELEMENT|CLICK PRODUCT|HOVER_ELEMENT|HOVER_SHORT PRODUCT|ADD_CART|CLICK PRODUCT|ADD_CART|HOVER_SHORT CART|ENTER_CART|NONE CART|CLICK_ELEMENT|CLICK CART|INACTIVE|GAP_LONG CART|HOVER_ELEMENT|HOVER_LONG CHECKOUT|ENTER_CHECKOUT|NONE CHECKOUT|CLICK_ELEMENT|CLICK CHECKOUT|CLICK_BUY|CLICK CHECKOUT|SCROLL_PAGE|SCROLL_LOW CHECKOUT|SCROLL_PAGE|SCROLL_MID CHECKOUT|SCROLL_PAGE|SCROLL_HIGH CHECKOUT|TAB_OUT|NONE CHECKOUT|TAB_RETURN|GAP_LONG CHECKOUT|INACTIVE|GAP_LONG CHECKOUT|TAB_OUT|NONE
87186ff7-43e6-49f3-9f65-c75e6154515b,0,0.9236993991223599,0.4890483319759369,-0.7123574018478394,343,128,[CLS] PRODUCT|CLICK_ELEMENT|CLICK PRODUCT|HOVER_ELEMENT|HOVER_SHORT PRODUCT|CLICK_ELEMENT|CLICK PRODUCT|HOVER_ELEMENT|HOVER_SHORT PRODUCT|SCROLL_PRODUCT|SCROLL_LOW PRODUCT|HOVER_ELEMENT|HOVER_SHORT PRODUCT|CLICK_ELEMENT|CLICK PRODUCT|HOVER_ELEMENT|HOVER_SHORT PRODUCT|CLICK_ELEMENT|CLICK PRODUCT|HOVER_ELEMENT|HOVER_SHORT PRODUCT|CLICK_ELEMENT|CLICK PRODUCT|HOVER_ELEMENT|HOVER_SHORT PRODUCT|SCROLL_PRODUCT|SCROLL_LOW PRODUCT|SCROLL_PRODUCT|SCROLL_MID PRODUCT|HOVER_ELEMENT|HOVER_SHORT PRODUCT|SCROLL_PRODUCT|SCROLL_HIGH PRODUCT|SCROLL_PRODUCT|SCROLL_MID PRODUCT|SCROLL_PRODUCT|SCROLL_LOW HOME|START_SESSION|NONE HOME|HOVER_ELEMENT|HOVER_SHORT HOME|INACTIVE|GAP_MEDIUM PRODUCT|ZOOM_IMAGE|ZOOM HOME|SCROLL_HOME|SCROLL_LOW PRODUCT|ZOOM_IMAGE|ZOOM HOME|SCROLL_HOME|SCROLL_LOW PRODUCT|ZOOM_IMAGE|ZOOM HOME|SCROLL_HOME|SCROLL_LOW PRODUCT|ZOOM_IMAGE|ZOOM HOME|SCROLL_HOME|SCROLL_LOW PRODUCT|ZOOM_IMAGE|ZOOM HOME|SCROLL_HOME|SCROLL_LOW PRODUCT|ZOOM_IMAGE|ZOOM HOME|HOVER_ELEMENT|HOVER_SHORT PRODUCT|ZOOM_IMAGE|ZOOM HOME|SCROLL_HOME|SCROLL_MID PRODUCT|ZOOM_IMAGE|ZOOM HOME|SCROLL_HOME|SCROLL_LOW PRODUCT|ZOOM_IMAGE|ZOOM HOME|SCROLL_HOME|SCROLL_LOW PRODUCT|ZOOM_IMAGE|ZOOM HOME|SCROLL_HOME|SCROLL_LOW HOME|HOVER_ELEMENT|HOVER_SHORT HOME|SCROLL_HOME|SCROLL_LOW HOME|HOVER_ELEMENT|HOVER_SHORT HOME|SCROLL_HOME|SCROLL_LOW PRODUCT|ZOOM_IMAGE|ZOOM HOME|SCROLL_HOME|SCROLL_LOW PRODUCT|ZOOM_IMAGE|ZOOM HOME|SCROLL_HOME|SCROLL_LOW PRODUCT|ZOOM_IMAGE|ZOOM HOME|HOVER_ELEMENT|HOVER_SHORT PRODUCT|ZOOM_IMAGE|ZOOM HOME|SCROLL_HOME|SCROLL_LOW PRODUCT|ZOOM_IMAGE|ZOOM HOME|SCROLL_HOME|SCROLL_LOW PRODUCT|ZOOM_IMAGE|ZOOM HOME|SCROLL_HOME|SCROLL_LOW PRODUCT|ZOOM_IMAGE|ZOOM HOME|SCROLL_HOME|SCROLL_LOW PRODUCT|ZOOM_IMAGE|ZOOM HOME|HOVER_ELEMENT|HOVER_SHORT PRODUCT|ZOOM_IMAGE|ZOOM HOME|SCROLL_HOME|SCROLL_LOW PRODUCT|ZOOM_IMAGE|ZOOM HOME|SCROLL_HOME|SCROLL_LOW PRODUCT|ZOOM_IMAGE|ZOOM HOME|SCROLL_HOME|SCROLL_LOW PRODUCT|ZOOM_IMAGE|ZOOM HOME|SCROLL_HOME|SCROLL_LOW PRODUCT|ZOOM_IMAGE|ZOOM HOME|HOVER_ELEMENT|HOVER_SHORT PRODUCT|ZOOM_IMAGE|ZOOM HOME|SCROLL_HOME|SCROLL_LOW PRODUCT|ZOOM_IMAGE|ZOOM HOME|SCROLL_HOME|SCROLL_LOW PRODUCT|ZOOM_IMAGE|ZOOM HOME|SCROLL_HOME|SCROLL_LOW PRODUCT|ZOOM_IMAGE|ZOOM HOME|SCROLL_HOME|SCROLL_LOW PRODUCT|ZOOM_IMAGE|ZOOM HOME|SCROLL_HOME|SCROLL_LOW PRODUCT|ZOOM_IMAGE|ZOOM HOME|SCROLL_HOME|SCROLL_LOW PRODUCT|ZOOM_IMAGE|ZOOM HOME|HOVER_ELEMENT|HOVER_SHORT HOME|SCROLL_HOME|SCROLL_LOW HOME|SCROLL_HOME|SCROLL_UNKNOWN HOME|CHECK_SHIPPING|HOVER_SHORT HOME|CLICK_ELEMENT|CLICK HOME|HOVER_ELEMENT|HOVER_SHORT HOME|CHECK_PRICE|CLICK HOME|CHECK_PRICE|HOVER_SHORT HOME|CHECK_SHIPPING|HOVER_SHORT HOME|CHECK_SHIPPING|CLICK HOME|CHECK_SHIPPING|HOVER_SHORT HOME|CHECK_SHIPPING|CLICK HOME|CHECK_SHIPPING|HOVER_SHORT HOME|CHECK_SHIPPING|CLICK HOME|HOVER_ELEMENT|HOVER_SHORT HOME|CHECK_SHIPPING|CLICK HOME|CHECK_SHIPPING|HOVER_SHORT PRODUCT|ZOOM_IMAGE|ZOOM HOME|SCROLL_HOME|SCROLL_LOW PRODUCT|ZOOM_IMAGE|ZOOM HOME|SCROLL_HOME|SCROLL_LOW PRODUCT|ZOOM_IMAGE|ZOOM HOME|SCROLL_HOME|SCROLL_LOW PRODUCT|ZOOM_IMAGE|ZOOM HOME|SCROLL_HOME|SCROLL_LOW PRODUCT|ZOOM_IMAGE|ZOOM HOME|SCROLL_HOME|SCROLL_MID PRODUCT|ZOOM_IMAGE|ZOOM HOME|SCROLL_HOME|SCROLL_MID PRODUCT|ZOOM_IMAGE|ZOOM HOME|HOVER_ELEMENT|HOVER_SHORT PRODUCT|ZOOM_IMAGE|ZOOM HOME|CLICK_ELEMENT|CLICK HOME|HOVER_ELEMENT|HOVER_SHORT PRODUCT|ENTER_PRODUCT|NONE PRODUCT|SCROLL_PRODUCT|SCROLL_UNKNOWN PRODUCT|HOVER_ELEMENT|HOVER_SHORT PRODUCT|CLICK_ELEMENT|CLICK PRODUCT|HOVER_ELEMENT|HOVER_SHORT PRODUCT|CLICK_ELEMENT|CLICK PRODUCT|HOVER_ELEMENT|HOVER_SHORT PRODUCT|CLICK_ELEMENT|CLICK PRODUCT|HOVER_ELEMENT|HOVER_SHORT
75e37b2a-2c83-4123-99c5-90a06ed9ca1c,1,0.5030154671404179,0.25184866786003113,-0.15396460890769958,118,119,[CLS] HOME|START_SESSION|NONE HOME|TAB_OUT|NONE HOME|INACTIVE|GAP_LONG HOME|TAB_RETURN|GAP_LONG HOME|CLICK_ELEMENT|CLICK HOME|ENTER_HOME|NONE HOME|HOVER_ELEMENT|HOVER_SHORT PRODUCT|ZOOM_IMAGE|ZOOM HOME|SCROLL_HOME|SCROLL_LOW PRODUCT|ZOOM_IMAGE|ZOOM HOME|SCROLL_HOME|SCROLL_LOW HOME|CLICK_ELEMENT|CLICK PRODUCT|ENTER_PRODUCT|NONE PRODUCT|SCROLL_PRODUCT|SCROLL_UNKNOWN PRODUCT|TAB_OUT|NONE PRODUCT|INACTIVE|GAP_MEDIUM PRODUCT|TAB_RETURN|GAP_LONG PRODUCT|ADD_CART|CLICK PRODUCT|ADD_CART|HOVER_SHORT PRODUCT|ADD_CART|CLICK CART|ENTER_CART|NONE CART|CHECK_PRICE|HOVER_SHORT CART|HOVER_ELEMENT|HOVER_SHORT CART|CHECK_PRICE|HOVER_SHORT CART|CLICK_ELEMENT|CLICK HOME|ENTER_HOME|NONE HOME|HOVER_ELEMENT|HOVER_SHORT HOME|CLICK_ELEMENT|CLICK HOME|HOVER_ELEMENT|HOVER_SHORT HOME|CLICK_ELEMENT|CLICK HOME|HOVER_ELEMENT|HOVER_SHORT HOME|CLICK_ELEMENT|CLICK HOME|SCROLL_HOME|SCROLL_LOW HOME|HOVER_ELEMENT|HOVER_SHORT HOME|SCROLL_HOME|SCROLL_LOW HOME|CLICK_ELEMENT|CLICK HOME|HOVER_ELEMENT|HOVER_SHORT PRODUCT|ENTER_PRODUCT|NONE PRODUCT|SCROLL_PRODUCT|SCROLL_UNKNOWN PRODUCT|TAB_OUT|NONE PRODUCT|INACTIVE|GAP_LONG PRODUCT|TAB_RETURN|GAP_LONG PRODUCT|INACTIVE|GAP_LONG PRODUCT|TAB_OUT|NONE PRODUCT|INACTIVE|GAP_LONG PRODUCT|TAB_RETURN|GAP_LONG PRODUCT|INACTIVE|GAP_LONG PRODUCT|ADD_CART|CLICK PRODUCT|ADD_CART|HOVER_SHORT PRODUCT|ADD_CART|CLICK PRODUCT|ADD_CART|HOVER_SHORT PRODUCT|ADD_CART|CLICK HOME|ENTER_HOME|NONE HOME|ADD_CART|CLICK HOME|ENTER_HOME|NONE HOME|ADD_CART|HOVER_SHORT PRODUCT|ZOOM_IMAGE|ZOOM HOME|SCROLL_HOME|SCROLL_LOW HOME|HOVER_ELEMENT|HOVER_SHORT HOME|SCROLL_HOME|SCROLL_LOW HOME|SCROLL_HOME|SCROLL_MID HOME|HOVER_ELEMENT|HOVER_SHORT HOME|TAB_OUT|NONE HOME|TAB_RETURN|GAP_MEDIUM HOME|SCROLL_HOME|SCROLL_MID PRODUCT|ZOOM_IMAGE|ZOOM HOME|SCROLL_HOME|SCROLL_MID HOME|SCROLL_HOME|SCROLL_HIGH HOME|CHECK_SHIPPING|HOVER_SHORT HOME|HOVER_ELEMENT|HOVER_SHORT HOME|SCROLL_HOME|SCROLL_HIGH HOME|SCROLL_HOME|SCROLL_MID PRODUCT|ZOOM_IMAGE|ZOOM HOME|SCROLL_HOME|SCROLL_MID HOME|SCROLL_HOME|SCROLL_LOW HOME|SCROLL_HOME|SCROLL_UNKNOWN HOME|START_INPUT|FOCUS HOME|CLICK_ELEMENT|CLICK HOME|EDIT_INPUT|CHANGE HOME|HOVER_ELEMENT|HOVER_SHORT PRODUCT|ZOOM_IMAGE|ZOOM HOME|SCROLL_HOME|SCROLL_LOW PRODUCT|ZOOM_IMAGE|ZOOM HOME|SCROLL_HOME|SCROLL_LOW PRODUCT|ZOOM_IMAGE|ZOOM HOME|HOVER_ELEMENT|HOVER_SHORT HOME|EDIT_INPUT|CHANGE PRODUCT|ENTER_PRODUCT|NONE PRODUCT|HOVER_ELEMENT|HOVER_SHORT PRODUCT|EDIT_INPUT|BLUR PRODUCT|CLICK_ELEMENT|CLICK PRODUCT|ENTER_PRODUCT|NONE PRODUCT|HOVER_ELEMENT|HOVER_SHORT PRODUCT|ENTER_PRODUCT|NONE PRODUCT|INACTIVE|GAP_SHORT PRODUCT|TAB_OUT|NONE PRODUCT|INACTIVE|GAP_LONG PRODUCT|TAB_RETURN|GAP_LONG PRODUCT|INACTIVE|GAP_LONG PRODUCT|TAB_OUT|NONE PRODUCT|INACTIVE|GAP_LONG PRODUCT|TAB_RETURN|GAP_LONG PRODUCT|TAB_OUT|NONE PRODUCT|TAB_RETURN|GAP_LONG PRODUCT|INACTIVE|GAP_LONG PRODUCT|TAB_OUT|NONE PRODUCT|TAB_RETURN|GAP_SHORT PRODUCT|TAB_OUT|NONE PRODUCT|INACTIVE|GAP_LONG PRODUCT|TAB_RETURN|GAP_LONG PRODUCT|TAB_OUT|NONE PRODUCT|TAB_RETURN|GAP_LONG PRODUCT|INACTIVE|GAP_LONG PRODUCT|ADD_CART|CLICK HOME|ENTER_HOME|NONE HOME|ADD_CART|HOVER_SHORT HOME|INACTIVE|GAP_LONG HOME|TAB_OUT|NONE
3bd4623a-e84f-4c4a-83a5-b6f0ede15258,1,0.6793017967914865,0.8321018218994141,0.1110001727938652,97,98,[CLS] HOME|START_SESSION|NONE HOME|ENTER_HOME|NONE HOME|TAB_OUT|NONE HOME|INACTIVE|GAP_LONG HOME|TAB_RETURN|GAP_LONG HOME|TAB_OUT|NONE HOME|TAB_RETURN|GAP_MEDIUM HOME|HOVER_ELEMENT|HOVER_SHORT PRODUCT|ENTER_PRODUCT|NONE PRODUCT|CLICK_ELEMENT|CLICK PRODUCT|HOVER_ELEMENT|HOVER_SHORT PRODUCT|TAB_OUT|NONE PRODUCT|INACTIVE|GAP_SHORT PRODUCT|TAB_RETURN|GAP_LONG PRODUCT|HOVER_ELEMENT|HOVER_SHORT PRODUCT|INACTIVE|GAP_MEDIUM PRODUCT|HOVER_ELEMENT|HOVER_LONG PRODUCT|HOVER_ELEMENT|HOVER_SHORT PRODUCT|TAB_OUT|NONE PRODUCT|INACTIVE|GAP_LONG PRODUCT|TAB_RETURN|GAP_LONG PRODUCT|TAB_OUT|NONE PRODUCT|INACTIVE|GAP_LONG PRODUCT|TAB_RETURN|GAP_LONG PRODUCT|TAB_OUT|NONE PRODUCT|INACTIVE|GAP_LONG PRODUCT|TAB_RETURN|GAP_LONG PRODUCT|INACTIVE|GAP_LONG PRODUCT|TAB_OUT|NONE PRODUCT|INACTIVE|GAP_LONG PRODUCT|TAB_RETURN|GAP_LONG PRODUCT|HOVER_ELEMENT|HOVER_SHORT PRODUCT|ENTER_PRODUCT|NONE PRODUCT|CLICK_ELEMENT|CLICK PRODUCT|HOVER_ELEMENT|HOVER_SHORT PRODUCT|TAB_OUT|NONE PRODUCT|TAB_RETURN|GAP_MEDIUM PRODUCT|INACTIVE|GAP_LONG PRODUCT|HOVER_ELEMENT|HOVER_LONG PRODUCT|HOVER_ELEMENT|HOVER_SHORT PRODUCT|ENTER_PRODUCT|NONE PRODUCT|CLICK_ELEMENT|CLICK PRODUCT|VIEW_PRODUCT|CLICK PRODUCT|VIEW_REVIEW|HOVER_SHORT PRODUCT|HOVER_ELEMENT|HOVER_SHORT PRODUCT|SCROLL_PRODUCT|SCROLL_MID PRODUCT|SCROLL_PRODUCT|SCROLL_LOW PRODUCT|SCROLL_PRODUCT|SCROLL_HIGH PRODUCT|SCROLL_PRODUCT|SCROLL_MID PRODUCT|SCROLL_PRODUCT|SCROLL_HIGH PRODUCT|HOVER_ELEMENT|HOVER_SHORT PRODUCT|CLICK_ELEMENT|CLICK PRODUCT|HOVER_ELEMENT|HOVER_SHORT PRODUCT|ENTER_PRODUCT|NONE PRODUCT|SCROLL_PRODUCT|SCROLL_UNKNOWN PRODUCT|CHECK_PRICE|HOVER_SHORT PRODUCT|HOVER_ELEMENT|HOVER_SHORT PRODUCT|TAB_OUT|NONE PRODUCT|INACTIVE|GAP_LONG PRODUCT|TAB_RETURN|GAP_LONG PRODUCT|HOVER_ELEMENT|HOVER_SHORT PRODUCT|CHECK_PRICE|HOVER_SHORT PRODUCT|TAB_OUT|NONE PRODUCT|START_SESSION|NONE PRODUCT|ENTER_PRODUCT|NONE PRODUCT|CLICK_ELEMENT|CLICK PRODUCT|VIEW_PRODUCT|CLICK PRODUCT|TAB_OUT|NONE PRODUCT|TAB_RETURN|GAP_SHORT PRODUCT|CLICK_ELEMENT|CLICK PRODUCT|HOVER_ELEMENT|HOVER_SHORT PRODUCT|ADD_CART|HOVER_SHORT PRODUCT|TAB_OUT|NONE PRODUCT|INACTIVE|GAP_MEDIUM PRODUCT|TAB_RETURN|GAP_LONG PRODUCT|ENTER_PRODUCT|NONE PRODUCT|CLICK_ELEMENT|CLICK PRODUCT|VIEW_PRODUCT|CLICK PRODUCT|HOVER_ELEMENT|HOVER_SHORT PRODUCT|TAB_OUT|NONE PRODUCT|TAB_RETURN|GAP_MEDIUM PRODUCT|HOVER_ELEMENT|HOVER_SHORT PRODUCT|ZOOM_IMAGE|ZOOM PRODUCT|SCROLL_PRODUCT|SCROLL_LOW PRODUCT|SCROLL_PRODUCT|SCROLL_MID PRODUCT|SCROLL_PRODUCT|SCROLL_LOW PRODUCT|SCROLL_PRODUCT|SCROLL_HIGH PRODUCT|SCROLL_PRODUCT|SCROLL_MID PRODUCT|HOVER_ELEMENT|HOVER_SHORT PRODUCT|ZOOM_IMAGE|ZOOM PRODUCT|SCROLL_PRODUCT|SCROLL_MID PRODUCT|SCROLL_PRODUCT|SCROLL_LOW PRODUCT|HOVER_ELEMENT|HOVER_SHORT PRODUCT|ZOOM_IMAGE|ZOOM PRODUCT|SCROLL_PRODUCT|SCROLL_LOW PRODUCT|SCROLL_PRODUCT|SCROLL_UNKNOWN PRODUCT|TAB_OUT|NONE
7af98a9d-8a8b-4c78-9553-c3815e5d9f07,-1,0.0,-0.0691789910197258,0.6592205762863159,58,59,[CLS] PRODUCT|START_SESSION|NONE PRODUCT|INACTIVE|GAP_LONG PRODUCT|ENTER_PRODUCT|NONE HOME|START_SESSION|NONE PRODUCT|INACTIVE|GAP_MEDIUM HOME|INACTIVE|GAP_MEDIUM PRODUCT|INACTIVE|GAP_LONG PRODUCT|ENTER_PRODUCT|NONE HOME|INACTIVE|GAP_LONG PRODUCT|START_SESSION|NONE HOME|TAB_OUT|NONE PRODUCT|INACTIVE|GAP_SHORT PRODUCT|TAB_RETURN|GAP_UNKNOWN PRODUCT|TAB_OUT|NONE PRODUCT|INACTIVE|GAP_LONG PRODUCT|ADD_CART|CLICK PRODUCT|INACTIVE|GAP_LONG PRODUCT|ADD_CART|CLICK PRODUCT|RAGE_CLICK|REPEAT PRODUCT|ADD_CART|CLICK PRODUCT|RAGE_CLICK|REPEAT PRODUCT|INACTIVE|GAP_LONG PRODUCT|ENTER_PRODUCT|NONE PRODUCT|INACTIVE|GAP_LONG PRODUCT|ADD_CART|CLICK PRODUCT|START_INPUT|FOCUS PRODUCT|EDIT_INPUT|CHANGE PRODUCT|EDIT_INPUT|BLUR PRODUCT|INACTIVE|GAP_LONG PRODUCT|START_INPUT|FOCUS PRODUCT|EDIT_INPUT|CHANGE PRODUCT|EDIT_INPUT|BLUR PRODUCT|START_INPUT|FOCUS PRODUCT|EDIT_INPUT|CHANGE PRODUCT|EDIT_INPUT|BLUR PRODUCT|ABANDON_INPUT|EMPTY PRODUCT|INACTIVE|GAP_LONG UNKNOWN|ENTER_UNKNOWN|NONE PRODUCT|ENTER_PRODUCT|NONE PRODUCT|INACTIVE|GAP_MEDIUM UNKNOWN|ENTER_UNKNOWN|NONE PRODUCT|START_SESSION|NONE HOME|INACTIVE|GAP_LONG HOME|TAB_RETURN|GAP_LONG HOME|TAB_OUT|NONE PRODUCT|INACTIVE|GAP_LONG PRODUCT|TAB_RETURN|GAP_UNKNOWN PRODUCT|TAB_OUT|NONE HOME|INACTIVE|GAP_LONG HOME|TAB_RETURN|GAP_LONG HOME|ADD_CART|CLICK HOME|ADD_CART|HOVER_SHORT HOME|INACTIVE|GAP_LONG HOME|INACTIVE|GAP_MEDIUM HOME|HOVER_ELEMENT|HOVER_SHORT HOME|INACTIVE|GAP_LONG HOME|INACTIVE|GAP_MEDIUM HOME|INACTIVE|GAP_LONG
4e0fed97-dc74-4f5d-9eec-d649f8fde489,1,1.0,0.6234329342842102,0.5993803143501282,57,58,[CLS] PRODUCT|START_SESSION|NONE PRODUCT|ENTER_PRODUCT|NONE PRODUCT|INACTIVE|GAP_MEDIUM PRODUCT|INACTIVE|GAP_LONG PRODUCT|TAB_OUT|NONE PRODUCT|INACTIVE|GAP_LONG PRODUCT|TAB_RETURN|GAP_LONG PRODUCT|INACTIVE|GAP_MEDIUM PRODUCT|INACTIVE|GAP_SHORT PRODUCT|TAB_OUT|NONE PRODUCT|TAB_RETURN|GAP_MEDIUM PRODUCT|INACTIVE|GAP_LONG PRODUCT|HOVER_ELEMENT|HOVER_SHORT PRODUCT|TAB_OUT|NONE PRODUCT|TAB_RETURN|GAP_MEDIUM PRODUCT|HOVER_ELEMENT|HOVER_LONG PRODUCT|HOVER_ELEMENT|HOVER_SHORT PRODUCT|TAB_OUT|NONE PRODUCT|CHECK_PRICE|CLICK PRODUCT|TAB_RETURN|GAP_LONG PRODUCT|CHECK_PRICE|HOVER_SHORT PRODUCT|INACTIVE|GAP_LONG PRODUCT|TAB_OUT|NONE PRODUCT|TAB_RETURN|GAP_MEDIUM PRODUCT|TAB_OUT|NONE PRODUCT|INACTIVE|GAP_LONG PRODUCT|TAB_RETURN|GAP_LONG PRODUCT|TAB_OUT|NONE PRODUCT|INACTIVE|GAP_LONG PRODUCT|TAB_RETURN|GAP_LONG PRODUCT|HOVER_ELEMENT|HOVER_SHORT PRODUCT|CHECK_PRICE|HOVER_SHORT PRODUCT|CHECK_PRICE|CLICK PRODUCT|CHECK_PRICE|HOVER_SHORT PRODUCT|INACTIVE|GAP_MEDIUM PRODUCT|HOVER_ELEMENT|HOVER_SHORT PRODUCT|CHECK_PRICE|HOVER_SHORT PRODUCT|TAB_OUT|NONE PRODUCT|INACTIVE|GAP_SHORT PRODUCT|TAB_RETURN|GAP_LONG PRODUCT|CHECK_PRICE|HOVER_SHORT PRODUCT|INACTIVE|GAP_LONG PRODUCT|TAB_OUT|NONE PRODUCT|INACTIVE|GAP_LONG PRODUCT|TAB_RETURN|GAP_LONG PRODUCT|HOVER_ELEMENT|HOVER_SHORT PRODUCT|INACTIVE|GAP_SHORT PRODUCT|INACTIVE|GAP_LONG PRODUCT|INACTIVE|GAP_MEDIUM PRODUCT|INACTIVE|GAP_LONG PRODUCT|TAB_OUT|NONE PRODUCT|INACTIVE|GAP_LONG PRODUCT|TAB_RETURN|GAP_LONG PRODUCT|TAB_OUT|NONE PRODUCT|INACTIVE|GAP_LONG PRODUCT|TAB_RETURN|GAP_LONG PRODUCT|TAB_OUT|NONE
d5fc8dd0-fa53-4195-accb-3b5bd249a876,0,1.0,0.49692362546920776,-0.6115471124649048,64,65,[CLS] PRODUCT|START_SESSION|NONE HOME|INACTIVE|GAP_LONG HOME|START_SESSION|NONE HOME|HOVER_ELEMENT|HOVER_SHORT HOME|SCROLL_HOME|SCROLL_LOW PRODUCT|ZOOM_IMAGE|ZOOM HOME|CLICK_ELEMENT|CLICK PRODUCT|ENTER_PRODUCT|NONE PRODUCT|SCROLL_PRODUCT|SCROLL_UNKNOWN PRODUCT|ADD_CART|CLICK PRODUCT|ADD_CART|HOVER_SHORT PRODUCT|HOVER_ELEMENT|HOVER_SHORT PRODUCT|SCROLL_PRODUCT|SCROLL_LOW PRODUCT|SCROLL_PRODUCT|SCROLL_UNKNOWN PRODUCT|ZOOM_IMAGE|ZOOM PRODUCT|SCROLL_PRODUCT|SCROLL_LOW PRODUCT|SCROLL_PRODUCT|SCROLL_MID PRODUCT|SCROLL_PRODUCT|SCROLL_HIGH PRODUCT|HOVER_ELEMENT|HOVER_SHORT PRODUCT|ZOOM_IMAGE|ZOOM PRODUCT|SCROLL_PRODUCT|SCROLL_HIGH PRODUCT|HOVER_ELEMENT|HOVER_SHORT PRODUCT|SCROLL_PRODUCT|SCROLL_HIGH PRODUCT|SCROLL_PRODUCT|SCROLL_MID PRODUCT|SCROLL_PRODUCT|SCROLL_LOW PRODUCT|SCROLL_PRODUCT|SCROLL_UNKNOWN PRODUCT|HOVER_ELEMENT|HOVER_SHORT PRODUCT|SCROLL_PRODUCT|SCROLL_LOW PRODUCT|SCROLL_PRODUCT|SCROLL_MID PRODUCT|SCROLL_PRODUCT|SCROLL_HIGH PRODUCT|ADD_CART|HOVER_SHORT PRODUCT|VIEW_REVIEW|CLICK PRODUCT|VIEW_REVIEW|HOVER_SHORT PRODUCT|SCROLL_PRODUCT|SCROLL_MID PRODUCT|SCROLL_PRODUCT|SCROLL_LOW HOME|ENTER_HOME|NONE HOME|SCROLL_HOME|SCROLL_LOW HOME|HOVER_ELEMENT|HOVER_SHORT HOME|CLICK_ELEMENT|CLICK HOME|HOVER_ELEMENT|HOVER_SHORT PRODUCT|ENTER_PRODUCT|NONE PRODUCT|SCROLL_PRODUCT|SCROLL_UNKNOWN PRODUCT|SCROLL_PRODUCT|SCROLL_LOW PRODUCT|VIEW_REVIEW|HOVER_SHORT PRODUCT|SCROLL_PRODUCT|SCROLL_LOW PRODUCT|SCROLL_PRODUCT|SCROLL_MID PRODUCT|SCROLL_PRODUCT|SCROLL_HIGH PRODUCT|HOVER_ELEMENT|HOVER_SHORT PRODUCT|SCROLL_PRODUCT|SCROLL_HIGH PRODUCT|SCROLL_PRODUCT|SCROLL_MID PRODUCT|SCROLL_PRODUCT|SCROLL_LOW PRODUCT|ADD_CART|HOVER_SHORT PRODUCT|HOVER_ELEMENT|HOVER_SHORT PRODUCT|CLICK_ELEMENT|CLICK PRODUCT|HOVER_ELEMENT|HOVER_SHORT PRODUCT|CLICK_ELEMENT|CLICK PRODUCT|HOVER_ELEMENT|HOVER_SHORT PRODUCT|CLICK_ELEMENT|CLICK HOME|ENTER_HOME|NONE HOME|SCROLL_HOME|SCROLL_LOW HOME|HOVER_ELEMENT|HOVER_SHORT HOME|INACTIVE|GAP_LONG HOME|TAB_OUT|NONE PRODUCT|TAB_OUT|NONE
4413b397-6996-4f7a-8494-c2c105f69a85,2,1.0,-0.6128926873207092,0.4509711265563965,8,9,[CLS] HOME|START_SESSION|NONE HOME|INACTIVE|GAP_LONG HOME|INACTIVE|GAP_SHORT HOME|TAB_OUT|NONE HOME|INACTIVE|GAP_LONG HOME|TAB_RETURN|GAP_LONG HOME|TAB_OUT|NONE HOME|INACTIVE|GAP_MEDIUM
62fb0eb0-c69f-4301-a7a6-5d6fe7d7f516,1,0.4538822049666192,-0.08071349561214447,-0.5829179286956787,594,128,[CLS] HOME|HOVER_ELEMENT|HOVER_SHORT HOME|SCROLL_HOME|SCROLL_LOW HOME|HOVER_ELEMENT|HOVER_SHORT PRODUCT|ZOOM_IMAGE|ZOOM HOME|SCROLL_HOME|SCROLL_LOW PRODUCT|ZOOM_IMAGE|ZOOM HOME|HOVER_ELEMENT|HOVER_SHORT HOME|SCROLL_HOME|SCROLL_LOW HOME|CHECK_SHIPPING|HOVER_SHORT HOME|SCROLL_HOME|SCROLL_LOW HOME|SCROLL_HOME|SCROLL_UNKNOWN PRODUCT|ZOOM_IMAGE|ZOOM PRODUCT|TAB_OUT|NONE PRODUCT|INACTIVE|GAP_MEDIUM PRODUCT|START_INPUT|FOCUS PRODUCT|TAB_RETURN|GAP_LONG PRODUCT|ADD_CART|HOVER_SHORT PRODUCT|EDIT_INPUT|BLUR PRODUCT|ADD_CART|CLICK HOME|ENTER_HOME|NONE HOME|ADD_CART|HOVER_SHORT HOME|START_INPUT|FOCUS HOME|CLICK_ELEMENT|CLICK HOME|HOVER_ELEMENT|HOVER_SHORT HOME|EDIT_INPUT|BLUR HOME|CLICK_ELEMENT|CLICK HOME|HOVER_ELEMENT|HOVER_SHORT HOME|START_INPUT|FOCUS HOME|HOVER_ELEMENT|HOVER_SHORT HOME|CLICK_ELEMENT|CLICK HOME|EDIT_INPUT|CHANGE HOME|SEARCH_USE|INPUT PRODUCT|TAB_OUT|NONE PRODUCT|INACTIVE|GAP_LONG PRODUCT|EDIT_INPUT|CHANGE PRODUCT|SEARCH_USE|INPUT PRODUCT|START_SESSION|NONE PRODUCT|ADD_CART|CLICK HOME|ENTER_HOME|NONE HOME|ADD_CART|HOVER_SHORT HOME|CLICK_ELEMENT|CLICK HOME|HOVER_ELEMENT|HOVER_SHORT HOME|START_INPUT|FOCUS HOME|CLICK_ELEMENT|CLICK HOME|EDIT_INPUT|CHANGE HOME|SEARCH_USE|INPUT HOME|HOVER_ELEMENT|HOVER_SHORT HOME|SCROLL_HOME|SCROLL_LOW HOME|CHECK_SHIPPING|HOVER_SHORT HOME|SCROLL_HOME|SCROLL_LOW HOME|HOVER_ELEMENT|HOVER_SHORT HOME|SCROLL_HOME|SCROLL_LOW HOME|SCROLL_HOME|SCROLL_UNKNOWN HOME|EDIT_INPUT|CHANGE HOME|SEARCH_USE|INPUT HOME|EDIT_INPUT|CHANGE PRODUCT|ENTER_PRODUCT|NONE PRODUCT|SEARCH_USE|INPUT PRODUCT|HOVER_ELEMENT|HOVER_SHORT PRODUCT|TAB_OUT|NONE PRODUCT|START_SESSION|NONE PRODUCT|ADD_CART|CLICK HOME|ENTER_HOME|NONE HOME|ADD_CART|HOVER_SHORT HOME|HOVER_ELEMENT|HOVER_SHORT HOME|SCROLL_HOME|SCROLL_LOW HOME|HOVER_ELEMENT|HOVER_SHORT PRODUCT|ZOOM_IMAGE|ZOOM HOME|CHECK_SHIPPING|HOVER_SHORT HOME|SCROLL_HOME|SCROLL_LOW HOME|SCROLL_HOME|SCROLL_UNKNOWN PRODUCT|ZOOM_IMAGE|ZOOM HOME|START_INPUT|FOCUS HOME|CLICK_ELEMENT|CLICK HOME|EDIT_INPUT|CHANGE HOME|SEARCH_USE|INPUT HOME|EDIT_INPUT|CHANGE HOME|SEARCH_USE|INPUT HOME|EDIT_INPUT|CHANGE PRODUCT|TAB_OUT|NONE HOME|START_SESSION|NONE HOME|CHECK_SHIPPING|HOVER_SHORT HOME|SCROLL_HOME|SCROLL_LOW HOME|HOVER_ELEMENT|HOVER_SHORT HOME|SCROLL_HOME|SCROLL_LOW HOME|CHECK_SHIPPING|HOVER_SHORT HOME|SCROLL_HOME|SCROLL_LOW HOME|SCROLL_HOME|SCROLL_UNKNOWN HOME|HOVER_ELEMENT|HOVER_SHORT PRODUCT|ZOOM_IMAGE|ZOOM HOME|ADD_CART|CLICK HOME|CLICK_ELEMENT|CLICK PRODUCT|TAB_OUT|NONE PRODUCT|INACTIVE|GAP_SHORT PRODUCT|TAB_RETURN|GAP_LONG PRODUCT|START_INPUT|FOCUS PRODUCT|EDIT_INPUT|BLUR PRODUCT|ADD_CART|CLICK HOME|ENTER_HOME|NONE HOME|ADD_CART|HOVER_SHORT HOME|START_INPUT|FOCUS HOME|CLICK_ELEMENT|CLICK HOME|HOVER_ELEMENT|HOVER_SHORT HOME|EDIT_INPUT|BLUR HOME|CLICK_ELEMENT|CLICK HOME|HOVER_ELEMENT|HOVER_SHORT HOME|START_INPUT|FOCUS HOME|CLICK_ELEMENT|CLICK HOME|EDIT_INPUT|CHANGE HOME|SEARCH_USE|INPUT HOME|HOVER_ELEMENT|HOVER_SHORT HOME|SCROLL_HOME|SCROLL_LOW HOME|HOVER_ELEMENT|HOVER_SHORT HOME|SCROLL_HOME|SCROLL_LOW PRODUCT|ZOOM_IMAGE|ZOOM HOME|SCROLL_HOME|SCROLL_LOW HOME|HOVER_ELEMENT|HOVER_SHORT HOME|SCROLL_HOME|SCROLL_LOW HOME|SCROLL_HOME|SCROLL_UNKNOWN HOME|EDIT_INPUT|CHANGE HOME|SEARCH_USE|INPUT HOME|EDIT_INPUT|CHANGE HOME|SEARCH_USE|INPUT HOME|EDIT_INPUT|CHANGE HOME|SEARCH_USE|INPUT HOME|HOVER_ELEMENT|HOVER_SHORT HOME|TAB_OUT|NONE
8939dfad-d51f-44ad-8c50-bd1ebe100a71,1,0.5896745940981967,0.5526964068412781,0.011156054213643074,121,122,[CLS] HOME|START_SESSION|NONE HOME|ENTER_HOME|NONE HOME|INACTIVE|GAP_SHORT HOME|INACTIVE|GAP_LONG HOME|TAB_OUT|NONE HOME|INACTIVE|GAP_LONG HOME|TAB_RETURN|GAP_LONG HOME|INACTIVE|GAP_LONG HOME|TAB_OUT|NONE HOME|INACTIVE|GAP_LONG HOME|TAB_RETURN|GAP_LONG HOME|SCROLL_HOME|SCROLL_LOW PRODUCT|ZOOM_IMAGE|ZOOM PRODUCT|ENTER_PRODUCT|NONE PRODUCT|CLICK_ELEMENT|CLICK PRODUCT|VIEW_PRODUCT|CLICK PRODUCT|SCROLL_PRODUCT|SCROLL_UNKNOWN PRODUCT|CHECK_PRICE|HOVER_SHORT PRODUCT|HOVER_ELEMENT|HOVER_SHORT PRODUCT|CLICK_BUY|HOVER_SHORT PRODUCT|CLICK_ELEMENT|CLICK PRODUCT|HOVER_ELEMENT|HOVER_SHORT PRODUCT|ADD_CART|CLICK PRODUCT|ADD_CART|HOVER_SHORT PRODUCT|HOVER_ELEMENT|HOVER_SHORT PRODUCT|VIEW_REVIEW|HOVER_SHORT HOME|ENTER_HOME|NONE HOME|CLICK_ELEMENT|CLICK HOME|HOVER_ELEMENT|HOVER_SHORT HOME|SCROLL_HOME|SCROLL_LOW HOME|SCROLL_HOME|SCROLL_MID HOME|SCROLL_HOME|SCROLL_HIGH HOME|CHECK_SHIPPING|HOVER_SHORT HOME|SCROLL_HOME|SCROLL_HIGH HOME|TAB_OUT|NONE HOME|INACTIVE|GAP_LONG HOME|TAB_RETURN|GAP_LONG HOME|SCROLL_HOME|SCROLL_MID HOME|SCROLL_HOME|SCROLL_LOW PRODUCT|ZOOM_IMAGE|ZOOM HOME|CHECK_PRICE|HOVER_SHORT HOME|START_INPUT|FOCUS HOME|CLICK_ELEMENT|CLICK HOME|EDIT_INPUT|CHANGE HOME|SEARCH_USE|INPUT HOME|EDIT_INPUT|CHANGE HOME|SEARCH_USE|INPUT HOME|EDIT_INPUT|CHANGE HOME|SEARCH_USE|INPUT HOME|HOVER_ELEMENT|HOVER_SHORT HOME|SCROLL_HOME|SCROLL_LOW PRODUCT|ZOOM_IMAGE|ZOOM HOME|SCROLL_HOME|SCROLL_LOW HOME|HOVER_ELEMENT|HOVER_SHORT HOME|SCROLL_HOME|SCROLL_UNKNOWN PRODUCT|ZOOM_IMAGE|ZOOM HOME|EDIT_INPUT|CHANGE HOME|SEARCH_USE|INPUT HOME|EDIT_INPUT|CHANGE HOME|SEARCH_USE|INPUT HOME|HOVER_ELEMENT|HOVER_SHORT HOME|EDIT_INPUT|BLUR HOME|CLICK_ELEMENT|CLICK PRODUCT|ENTER_PRODUCT|NONE PRODUCT|HOVER_ELEMENT|HOVER_SHORT PRODUCT|CHECK_PRICE|HOVER_SHORT PRODUCT|HOVER_ELEMENT|HOVER_SHORT PRODUCT|START_SESSION|NONE PRODUCT|START_INPUT|FOCUS PRODUCT|CLICK_ELEMENT|CLICK PRODUCT|EDIT_INPUT|CHANGE PRODUCT|SEARCH_USE|INPUT PRODUCT|EDIT_INPUT|CHANGE PRODUCT|SEARCH_USE|INPUT PRODUCT|HOVER_ELEMENT|HOVER_SHORT PRODUCT|EDIT_INPUT|BLUR PRODUCT|CLICK_ELEMENT|CLICK PRODUCT|ENTER_PRODUCT|NONE PRODUCT|HOVER_ELEMENT|HOVER_SHORT PRODUCT|INACTIVE|GAP_LONG PRODUCT|TAB_OUT|NONE PRODUCT|INACTIVE|GAP_LONG PRODUCT|TAB_RETURN|GAP_LONG PRODUCT|START_INPUT|FOCUS PRODUCT|CLICK_ELEMENT|CLICK PRODUCT|EDIT_INPUT|CHANGE PRODUCT|SEARCH_USE|INPUT PRODUCT|EDIT_INPUT|CHANGE PRODUCT|SEARCH_USE|INPUT PRODUCT|EDIT_INPUT|CHANGE PRODUCT|CLICK_ELEMENT|CLICK PRODUCT|ENTER_PRODUCT|NONE PRODUCT|SEARCH_USE|INPUT PRODUCT|HOVER_ELEMENT|HOVER_LONG PRODUCT|EDIT_INPUT|BLUR PRODUCT|ABANDON_INPUT|EMPTY PRODUCT|TAB_OUT|NONE PRODUCT|INACTIVE|GAP_LONG PRODUCT|START_INPUT|FOCUS PRODUCT|TAB_RETURN|GAP_LONG PRODUCT|CLICK_ELEMENT|CLICK PRODUCT|EDIT_INPUT|CHANGE PRODUCT|SEARCH_USE|INPUT PRODUCT|EDIT_INPUT|CHANGE PRODUCT|SEARCH_USE|INPUT PRODUCT|EDIT_INPUT|CHANGE PRODUCT|CLICK_ELEMENT|CLICK PRODUCT|ENTER_PRODUCT|NONE PRODUCT|SEARCH_USE|INPUT PRODUCT|HOVER_ELEMENT|HOVER_SHORT PRODUCT|EDIT_INPUT|BLUR PRODUCT|ABANDON_INPUT|EMPTY PRODUCT|TAB_OUT|NONE PRODUCT|TAB_RETURN|GAP_SHORT PRODUCT|HOVER_ELEMENT|HOVER_SHORT PRODUCT|INACTIVE|GAP_LONG PRODUCT|HOVER_ELEMENT|HOVER_SHORT PRODUCT|TAB_OUT|NONE PRODUCT|INACTIVE|GAP_LONG PRODUCT|TAB_RETURN|GAP_LONG PRODUCT|TAB_OUT|NONE
374c257f-53c6-4044-8614-a055ed616c00,2,1.0,-0.6213663220405579,0.2695712149143219,11,12,[CLS] HOME|START_SESSION|NONE HOME|ADD_CART|HOVER_SHORT HOME|ADD_CART|CLICK HOME|ADD_CART|HOVER_SHORT HOME|HOVER_ELEMENT|HOVER_SHORT HOME|ADD_CART|CLICK HOME|ADD_CART|HOVER_SHORT HOME|INACTIVE|GAP_MEDIUM HOME|ADD_CART|HOVER_LONG HOME|INACTIVE|GAP_LONG HOME|TAB_OUT|NONE
c999f1a9-8b39-434e-9084-42c411a08f9a,3,0.7204929993564603,-0.5637409090995789,-0.37681448459625244,36,37,[CLS] PRODUCT|START_SESSION|NONE PRODUCT|TAB_RETURN|GAP_UNKNOWN PRODUCT|ADD_CART|CLICK HOME|ENTER_HOME|NONE HOME|ADD_CART|HOVER_SHORT HOME|HOVER_ELEMENT|HOVER_SHORT HOME|SCROLL_HOME|SCROLL_LOW HOME|HOVER_ELEMENT|HOVER_SHORT HOME|SCROLL_HOME|SCROLL_LOW PRODUCT|ZOOM_IMAGE|ZOOM HOME|CLICK_ELEMENT|CLICK PRODUCT|VIEW_PRODUCT|CLICK PRODUCT|ENTER_PRODUCT|NONE PRODUCT|SCROLL_PRODUCT|SCROLL_UNKNOWN PRODUCT|VIEW_REVIEW|HOVER_SHORT PRODUCT|ADD_CART|CLICK CART|ENTER_CART|NONE CART|ADD_CART|CLICK HOME|ENTER_HOME|NONE HOME|ADD_CART|HOVER_SHORT HOME|SCROLL_HOME|SCROLL_LOW HOME|HOVER_ELEMENT|HOVER_SHORT HOME|CLICK_ELEMENT|CLICK PRODUCT|VIEW_PRODUCT|CLICK PRODUCT|ENTER_PRODUCT|NONE PRODUCT|SCROLL_PRODUCT|SCROLL_UNKNOWN PRODUCT|ADD_CART|CLICK PRODUCT|ADD_CART|HOVER_SHORT PRODUCT|ADD_CART|CLICK CART|ENTER_CART|NONE CART|CHECK_PRICE|HOVER_SHORT CART|CLICK_ELEMENT|CLICK CART|HOVER_ELEMENT|HOVER_SHORT CART|CLICK_ELEMENT|CLICK CART|ADD_CART|HOVER_SHORT CART|TAB_OUT|NONE
4344c67f-d6e9-4142-99ab-0ecd3dc31d33,0,1.0,0.5181353688240051,-0.5869239568710327,75,76,[CLS] PRODUCT|TAB_OUT|NONE HOME|START_SESSION|NONE HOME|SCROLL_HOME|SCROLL_LOW HOME|CHECK_PRICE|HOVER_SHORT HOME|SCROLL_HOME|SCROLL_LOW HOME|SCROLL_HOME|SCROLL_MID HOME|CHECK_SHIPPING|HOVER_SHORT HOME|SCROLL_HOME|SCROLL_MID HOME|SCROLL_HOME|SCROLL_HIGH HOME|SCROLL_HOME|SCROLL_MID HOME|SCROLL_HOME|SCROLL_LOW HOME|SCROLL_HOME|SCROLL_UNKNOWN HOME|SCROLL_HOME|SCROLL_LOW HOME|SCROLL_HOME|SCROLL_MID HOME|HOVER_ELEMENT|HOVER_SHORT HOME|SCROLL_HOME|SCROLL_LOW HOME|HOVER_ELEMENT|HOVER_SHORT HOME|SCROLL_HOME|SCROLL_LOW PRODUCT|ZOOM_IMAGE|ZOOM HOME|HOVER_ELEMENT|HOVER_SHORT PRODUCT|ENTER_PRODUCT|NONE PRODUCT|CLICK_ELEMENT|CLICK PRODUCT|VIEW_PRODUCT|CLICK PRODUCT|SCROLL_PRODUCT|SCROLL_UNKNOWN PRODUCT|HOVER_ELEMENT|HOVER_SHORT PRODUCT|CHECK_SHIPPING|HOVER_SHORT PRODUCT|SCROLL_PRODUCT|SCROLL_LOW PRODUCT|SCROLL_PRODUCT|SCROLL_MID PRODUCT|HOVER_ELEMENT|HOVER_SHORT PRODUCT|ZOOM_IMAGE|ZOOM PRODUCT|SCROLL_PRODUCT|SCROLL_MID PRODUCT|SCROLL_PRODUCT|SCROLL_HIGH PRODUCT|SCROLL_PRODUCT|SCROLL_MID PRODUCT|HOVER_ELEMENT|HOVER_SHORT PRODUCT|SCROLL_PRODUCT|SCROLL_MID PRODUCT|ADD_CART|CLICK PRODUCT|SCROLL_PRODUCT|SCROLL_MID PRODUCT|ADD_CART|HOVER_SHORT PRODUCT|SCROLL_PRODUCT|SCROLL_LOW PRODUCT|ADD_CART|HOVER_SHORT CART|ENTER_CART|NONE CART|CLICK_ELEMENT|CLICK CART|HOVER_ELEMENT|HOVER_SHORT CART|CLICK_ELEMENT|CLICK CART|REMOVE_CART|CLICK CART|HOVER_ELEMENT|HOVER_SHORT CART|TAB_OUT|NONE CART|INACTIVE|GAP_LONG CART|TAB_RETURN|GAP_LONG CART|HOVER_ELEMENT|HOVER_SHORT CART|ADD_CART|HOVER_SHORT PRODUCT|ENTER_PRODUCT|NONE PRODUCT|CLICK_ELEMENT|CLICK PRODUCT|HOVER_ELEMENT|HOVER_LONG PRODUCT|ENTER_PRODUCT|NONE PRODUCT|CLICK_ELEMENT|CLICK PRODUCT|VIEW_PRODUCT|CLICK PRODUCT|SCROLL_PRODUCT|SCROLL_UNKNOWN PRODUCT|CHECK_PRICE|HOVER_SHORT PRODUCT|SCROLL_PRODUCT|SCROLL_LOW PRODUCT|SCROLL_PRODUCT|SCROLL_MID PRODUCT|SCROLL_PRODUCT|SCROLL_HIGH PRODUCT|VIEW_REVIEW|HOVER_SHORT PRODUCT|SCROLL_PRODUCT|SCROLL_HIGH PRODUCT|SCROLL_PRODUCT|SCROLL_MID PRODUCT|SCROLL_PRODUCT|SCROLL_LOW PRODUCT|ZOOM_IMAGE|ZOOM PRODUCT|HOVER_ELEMENT|HOVER_SHORT PRODUCT|SCROLL_PRODUCT|SCROLL_LOW PRODUCT|VIEW_REVIEW|HOVER_SHORT PRODUCT|HOVER_ELEMENT|HOVER_SHORT PRODUCT|ENTER_PRODUCT|NONE PRODUCT|SCROLL_PRODUCT|SCROLL_LOW PRODUCT|HOVER_ELEMENT|HOVER_SHORT PRODUCT|TAB_OUT|NONE
de9f2ec7-240a-43d9-a16e-fe5aa9dd744d,-1,0.0,-0.15949268639087677,-0.29626408219337463,74,75,[CLS] HOME|START_SESSION|NONE HOME|TAB_RETURN|GAP_UNKNOWN HOME|CLICK_ELEMENT|CLICK HOME|HOVER_ELEMENT|HOVER_SHORT HOME|INACTIVE|GAP_LONG HOME|ADD_CART|HOVER_SHORT HOME|SCROLL_HOME|SCROLL_LOW HOME|HOVER_ELEMENT|HOVER_SHORT HOME|SCROLL_HOME|SCROLL_LOW HOME|HOVER_ELEMENT|HOVER_SHORT HOME|CLICK_ELEMENT|CLICK PRODUCT|VIEW_PRODUCT|CLICK PRODUCT|ENTER_PRODUCT|NONE PRODUCT|SCROLL_PRODUCT|SCROLL_UNKNOWN PRODUCT|HOVER_ELEMENT|HOVER_SHORT PRODUCT|VIEW_REVIEW|HOVER_SHORT PRODUCT|SCROLL_PRODUCT|SCROLL_LOW PRODUCT|HOVER_ELEMENT|HOVER_SHORT PRODUCT|ADD_CART|CLICK PRODUCT|ADD_CART|HOVER_SHORT PRODUCT|HOVER_ELEMENT|HOVER_SHORT PRODUCT|ADD_CART|CLICK CART|ENTER_CART|NONE CART|SCROLL_PAGE|SCROLL_UNKNOWN CART|CHECK_SHIPPING|HOVER_SHORT CART|INACTIVE|GAP_LONG CART|CHECK_PRICE|HOVER_SHORT CART|CLICK_ELEMENT|CLICK CART|CLICK_BUY|CLICK CART|HOVER_ELEMENT|HOVER_SHORT CART|START_INPUT|FOCUS CART|CLICK_ELEMENT|CLICK CART|EDIT_INPUT|CHANGE CART|HOVER_ELEMENT|HOVER_SHORT CART|CHECK_PRICE|HOVER_LONG CART|EDIT_INPUT|BLUR CART|CHECK_PRICE|HOVER_SHORT CART|HOVER_ELEMENT|HOVER_SHORT CART|START_INPUT|FOCUS CART|EDIT_INPUT|BLUR CART|CLICK_ELEMENT|CLICK CART|ADD_CART|HOVER_LONG CART|INACTIVE|GAP_MEDIUM CART|ADD_CART|HOVER_SHORT CART|HOVER_ELEMENT|HOVER_SHORT CART|ADD_CART|CLICK HOME|ENTER_HOME|NONE HOME|ADD_CART|HOVER_SHORT PRODUCT|ZOOM_IMAGE|ZOOM HOME|SCROLL_HOME|SCROLL_LOW HOME|HOVER_ELEMENT|HOVER_SHORT HOME|SCROLL_HOME|SCROLL_LOW HOME|CHECK_PRICE|HOVER_SHORT HOME|SCROLL_HOME|SCROLL_LOW HOME|CHECK_SHIPPING|HOVER_SHORT HOME|CLICK_ELEMENT|CLICK PRODUCT|VIEW_PRODUCT|CLICK PRODUCT|ENTER_PRODUCT|NONE PRODUCT|SCROLL_PRODUCT|SCROLL_UNKNOWN PRODUCT|SCROLL_PRODUCT|SCROLL_LOW PRODUCT|HOVER_ELEMENT|HOVER_SHORT PRODUCT|ADD_CART|CLICK PRODUCT|ADD_CART|HOVER_SHORT PRODUCT|ADD_CART|CLICK CART|ENTER_CART|NONE CART|SCROLL_PAGE|SCROLL_UNKNOWN CART|HOVER_ELEMENT|HOVER_SHORT CART|CHECK_PRICE|HOVER_SHORT CART|CLICK_ELEMENT|CLICK CART|HOVER_ELEMENT|HOVER_SHORT CART|CHECK_PRICE|HOVER_SHORT CART|SCROLL_PAGE|SCROLL_LOW CART|CHECK_PRICE|HOVER_SHORT CART|HOVER_ELEMENT|HOVER_SHORT
6815522b-6f6e-455b-b115-41fa3438245c,0,0.8887105714154462,0.6884311437606812,-0.2923881709575653,27,28,[CLS] HOME|START_SESSION|NONE HOME|ENTER_HOME|NONE HOME|CHECK_PRICE|HOVER_SHORT HOME|HOVER_ELEMENT|HOVER_SHORT HOME|SCROLL_HOME|SCROLL_LOW HOME|SCROLL_HOME|SCROLL_MID PRODUCT|ENTER_PRODUCT|NONE PRODUCT|CLICK_ELEMENT|CLICK PRODUCT|SCROLL_PRODUCT|SCROLL_HIGH PRODUCT|SCROLL_PRODUCT|SCROLL_MID PRODUCT|SCROLL_PRODUCT|SCROLL_HIGH PRODUCT|CHECK_PRICE|HOVER_SHORT PRODUCT|CHECK_SHIPPING|HOVER_SHORT PRODUCT|SCROLL_PRODUCT|SCROLL_HIGH PRODUCT|SCROLL_PRODUCT|SCROLL_MID PRODUCT|CHECK_PRICE|HOVER_SHORT PRODUCT|SCROLL_PRODUCT|SCROLL_MID PRODUCT|SCROLL_PRODUCT|SCROLL_LOW PRODUCT|CHECK_PRICE|HOVER_SHORT PRODUCT|SCROLL_PRODUCT|SCROLL_LOW PRODUCT|HOVER_ELEMENT|HOVER_SHORT PRODUCT|CHECK_PRICE|HOVER_SHORT PRODUCT|HOVER_ELEMENT|HOVER_SHORT PRODUCT|INACTIVE|GAP_MEDIUM PRODUCT|START_SESSION|NONE PRODUCT|HOVER_ELEMENT|HOVER_SHORT PRODUCT|TAB_OUT|NONE
fb56d51e-78c5-493c-b85c-ec3d4e86d47e,3,0.7747149200184319,-0.594071626663208,-0.41222938895225525,55,56,[CLS] HOME|START_SESSION|NONE HOME|HOVER_ELEMENT|HOVER_SHORT HOME|INACTIVE|GAP_SHORT HOME|SCROLL_HOME|SCROLL_LOW HOME|SCROLL_HOME|SCROLL_HIGH HOME|SCROLL_HOME|SCROLL_MID HOME|SCROLL_HOME|SCROLL_HIGH HOME|ADD_CART|HOVER_SHORT HOME|ADD_CART|CLICK PRODUCT|ADD_CART|CLICK HOME|ADD_CART|HOVER_SHORT HOME|SCROLL_HOME|SCROLL_UNKNOWN HOME|HOVER_ELEMENT|HOVER_SHORT HOME|ADD_CART|CLICK PRODUCT|ADD_CART|CLICK HOME|ADD_CART|HOVER_SHORT HOME|CLICK_BUY|HOVER_SHORT HOME|VIEW_REVIEW|HOVER_SHORT HOME|CLICK_BUY|CLICK PRODUCT|CLICK_BUY|CLICK HOME|CLICK_BUY|HOVER_SHORT HOME|CHECK_SIZE|HOVER_SHORT HOME|CLICK_ELEMENT|CLICK PRODUCT|CLICK_BUY|CLICK HOME|HOVER_ELEMENT|HOVER_SHORT HOME|CHECK_SHIPPING|HOVER_SHORT HOME|HOVER_ELEMENT|HOVER_SHORT HOME|SCROLL_HOME|SCROLL_LOW HOME|SCROLL_HOME|SCROLL_MID HOME|HOVER_ELEMENT|HOVER_SHORT HOME|SCROLL_HOME|SCROLL_HIGH HOME|CHECK_SHIPPING|HOVER_SHORT HOME|SCROLL_HOME|SCROLL_HIGH HOME|SCROLL_HOME|SCROLL_UNKNOWN HOME|HOVER_ELEMENT|HOVER_SHORT HOME|CLICK_ELEMENT|CLICK HOME|HOVER_ELEMENT|HOVER_SHORT HOME|SCROLL_HOME|SCROLL_MID HOME|SCROLL_HOME|SCROLL_HIGH HOME|ADD_CART|HOVER_SHORT HOME|ADD_CART|CLICK PRODUCT|ADD_CART|CLICK HOME|SCROLL_HOME|SCROLL_UNKNOWN HOME|ADD_CART|HOVER_SHORT HOME|HOVER_ELEMENT|HOVER_SHORT HOME|VIEW_REVIEW|HOVER_SHORT HOME|HOVER_ELEMENT|HOVER_SHORT HOME|CLICK_ELEMENT|CLICK HOME|HOVER_ELEMENT|HOVER_SHORT HOME|HOVER_ELEMENT|HOVER_LONG HOME|ADD_CART|HOVER_SHORT HOME|ADD_CART|CLICK PRODUCT|ADD_CART|CLICK HOME|ADD_CART|HOVER_SHORT HOME|TAB_OUT|NONE
ac472bfb-2255-45e4-ac65-7a9097c6f8ad,0,0.8145126737277842,0.38978487253189087,-0.20695511996746063,114,115,[CLS] HOME|START_SESSION|NONE HOME|ENTER_HOME|NONE PRODUCT|ENTER_PRODUCT|NONE PRODUCT|CLICK_ELEMENT|CLICK PRODUCT|CHECK_PRICE|HOVER_SHORT PRODUCT|SCROLL_PRODUCT|SCROLL_MID PRODUCT|SCROLL_PRODUCT|SCROLL_LOW PRODUCT|SCROLL_PRODUCT|SCROLL_MID PRODUCT|SCROLL_PRODUCT|SCROLL_LOW PRODUCT|SCROLL_PRODUCT|SCROLL_UNKNOWN PRODUCT|SCROLL_PRODUCT|SCROLL_LOW PRODUCT|CHECK_PRICE|HOVER_SHORT PRODUCT|HOVER_ELEMENT|HOVER_SHORT PRODUCT|ENTER_PRODUCT|NONE PRODUCT|CLICK_ELEMENT|CLICK PRODUCT|VIEW_PRODUCT|CLICK PRODUCT|SCROLL_PRODUCT|SCROLL_UNKNOWN PRODUCT|HOVER_ELEMENT|HOVER_SHORT PRODUCT|VIEW_REVIEW|HOVER_SHORT PRODUCT|ADD_CART|CLICK PRODUCT|ADD_CART|HOVER_SHORT PRODUCT|VIEW_REVIEW|HOVER_SHORT CART|ENTER_CART|NONE CART|CLICK_ELEMENT|CLICK CART|HOVER_ELEMENT|HOVER_SHORT CART|CLICK_ELEMENT|CLICK CART|REMOVE_CART|CLICK CART|CHECK_SIZE|HOVER_SHORT CART|INACTIVE|GAP_SHORT CART|CLICK_ELEMENT|CLICK CART|REMOVE_CART|CLICK CART|CLICK_ELEMENT|CLICK CART|REMOVE_CART|CLICK CART|CLICK_ELEMENT|CLICK CART|REMOVE_CART|CLICK CART|ADD_CART|HOVER_SHORT HOME|ENTER_HOME|NONE HOME|CLICK_ELEMENT|CLICK HOME|HOVER_ELEMENT|HOVER_SHORT HOME|INACTIVE|GAP_LONG HOME|CHECK_PRICE|HOVER_SHORT HOME|HOVER_ELEMENT|HOVER_SHORT PRODUCT|ENTER_PRODUCT|NONE PRODUCT|CLICK_ELEMENT|CLICK PRODUCT|CHECK_PRICE|HOVER_SHORT PRODUCT|ENTER_PRODUCT|NONE PRODUCT|CHECK_SIZE|CLICK PRODUCT|VIEW_PRODUCT|CLICK PRODUCT|HOVER_ELEMENT|HOVER_SHORT PRODUCT|CLICK_ELEMENT|CLICK PRODUCT|HOVER_ELEMENT|HOVER_SHORT PRODUCT|ADD_CART|CLICK PRODUCT|ADD_CART|HOVER_SHORT PRODUCT|HOVER_ELEMENT|HOVER_SHORT CART|ENTER_CART|NONE CART|CLICK_ELEMENT|CLICK CART|HOVER_ELEMENT|HOVER_SHORT CART|CLICK_ELEMENT|CLICK CART|REMOVE_CART|CLICK CART|HOVER_ELEMENT|HOVER_SHORT CART|ADD_CART|HOVER_SHORT PRODUCT|ENTER_PRODUCT|NONE PRODUCT|CLICK_ELEMENT|CLICK PRODUCT|HOVER_ELEMENT|HOVER_LONG PRODUCT|ENTER_PRODUCT|NONE PRODUCT|CLICK_ELEMENT|CLICK PRODUCT|VIEW_PRODUCT|CLICK PRODUCT|VIEW_REVIEW|HOVER_SHORT PRODUCT|SCROLL_PRODUCT|SCROLL_LOW PRODUCT|SCROLL_PRODUCT|SCROLL_MID PRODUCT|VIEW_REVIEW|HOVER_SHORT PRODUCT|SCROLL_PRODUCT|SCROLL_MID PRODUCT|HOVER_ELEMENT|HOVER_LONG PRODUCT|SCROLL_PRODUCT|SCROLL_MID PRODUCT|HOVER_ELEMENT|HOVER_SHORT PRODUCT|SCROLL_PRODUCT|SCROLL_LOW PRODUCT|HOVER_ELEMENT|HOVER_SHORT PRODUCT|SCROLL_PRODUCT|SCROLL_LOW PRODUCT|ZOOM_IMAGE|ZOOM PRODUCT|HOVER_ELEMENT|HOVER_SHORT PRODUCT|ADD_CART|CLICK PRODUCT|ADD_CART|HOVER_SHORT PRODUCT|HOVER_ELEMENT|HOVER_SHORT CART|ENTER_CART|NONE CART|CLICK_ELEMENT|CLICK CART|HOVER_ELEMENT|HOVER_SHORT CHECKOUT|ENTER_CHECKOUT|NONE CHECKOUT|CLICK_ELEMENT|CLICK CHECKOUT|CLICK_BUY|CLICK CHECKOUT|CLICK_BUY|HOVER_SHORT CHECKOUT|HOVER_ELEMENT|HOVER_SHORT CHECKOUT|START_INPUT|FOCUS CHECKOUT|HOVER_ELEMENT|HOVER_SHORT CHECKOUT|EDIT_INPUT|BLUR CHECKOUT|ABANDON_INPUT|EMPTY CHECKOUT|CLICK_ELEMENT|CLICK CHECKOUT|CLICK_BUY|CLICK CHECKOUT|HOVER_ELEMENT|HOVER_SHORT HOME|ENTER_HOME|NONE HOME|CLICK_ELEMENT|CLICK HOME|HOVER_ELEMENT|HOVER_SHORT HOME|CHECK_PRICE|HOVER_SHORT HOME|INACTIVE|GAP_MEDIUM HOME|HOVER_ELEMENT|HOVER_SHORT HOME|CHECK_PRICE|HOVER_LONG HOME|HOVER_ELEMENT|HOVER_LONG HOME|INACTIVE|GAP_LONG HOME|CHECK_PRICE|HOVER_LONG HOME|HOVER_ELEMENT|HOVER_SHORT HOME|INACTIVE|GAP_MEDIUM HOME|CHECK_PRICE|HOVER_LONG HOME|TAB_OUT|NONE HOME|START_SESSION|NONE HOME|ENTER_HOME|NONE
38c6f252-1945-4801-814a-c75840fdcef1,-1,0.0,0.353828489780426,0.4453962743282318,91,92,[CLS] HOME|START_SESSION|NONE PRODUCT|CHECK_PRICE|HOVER_SHORT PRODUCT|SCROLL_PRICE|SCROLL_LOW PRODUCT|SCROLL_PRICE|SCROLL_MID PRODUCT|SCROLL_PRICE|SCROLL_HIGH PRODUCT|CHECK_PRICE|HOVER_SHORT PRODUCT|SCROLL_PRICE|SCROLL_HIGH PRODUCT|SCROLL_PRICE|SCROLL_MID PRODUCT|SCROLL_PRICE|SCROLL_LOW PRODUCT|SCROLL_PRICE|SCROLL_UNKNOWN PRODUCT|CHECK_PRICE|HOVER_SHORT PRODUCT|SCROLL_PRICE|SCROLL_LOW PRODUCT|SCROLL_PRICE|SCROLL_MID PRODUCT|SCROLL_PRICE|SCROLL_HIGH PRODUCT|CHECK_PRICE|HOVER_SHORT PRODUCT|ADD_CART|CLICK PRODUCT|ADD_CART|HOVER_SHORT PRODUCT|SCROLL_PRICE|SCROLL_UNKNOWN PRODUCT|VIEW_REVIEW|HOVER_SHORT PRODUCT|VIEW_REVIEW|CLICK PRODUCT|VIEW_REVIEW|HOVER_SHORT PRODUCT|VIEW_REVIEW|CLICK PRODUCT|SCROLL_REVIEW|SCROLL_HIGH PRODUCT|VIEW_REVIEW|HOVER_SHORT PRODUCT|CHECK_SIZE|HOVER_SHORT PRODUCT|CLICK_BUY|HOVER_SHORT PRODUCT|VIEW_REVIEW|CLICK PRODUCT|VIEW_REVIEW|HOVER_SHORT PRODUCT|SCROLL_REVIEW|SCROLL_MID PRODUCT|VIEW_REVIEW|HOVER_SHORT PRODUCT|VIEW_REVIEW|CLICK PRODUCT|VIEW_REVIEW|HOVER_SHORT PRODUCT|VIEW_REVIEW|CLICK PRODUCT|VIEW_REVIEW|HOVER_SHORT PRODUCT|ADD_CART|CLICK PRODUCT|ADD_CART|HOVER_SHORT PRODUCT|VIEW_REVIEW|CLICK PRODUCT|VIEW_REVIEW|HOVER_SHORT PRODUCT|CHECK_SIZE|HOVER_SHORT PRODUCT|VIEW_REVIEW|CLICK PRODUCT|VIEW_REVIEW|HOVER_SHORT PRODUCT|ADD_CART|HOVER_SHORT PRODUCT|CHECK_SIZE|HOVER_SHORT PRODUCT|VIEW_REVIEW|CLICK PRODUCT|CLICK_BUY|CLICK HOME|HOVER_ELEMENT|HOVER_SHORT PRODUCT|CHECK_SHIPPING|HOVER_SHORT PRODUCT|HOVER_ELEMENT|HOVER_SHORT PRODUCT|START_INPUT|FOCUS PRODUCT|CLICK_ELEMENT|CLICK PRODUCT|EDIT_INPUT|CHANGE PRODUCT|EDIT_INPUT|BLUR PRODUCT|START_INPUT|FOCUS PRODUCT|EDIT_INPUT|CHANGE PRODUCT|EDIT_INPUT|BLUR PRODUCT|START_INPUT|FOCUS PRODUCT|EDIT_INPUT|CHANGE PRODUCT|EDIT_INPUT|BLUR PRODUCT|START_INPUT|FOCUS PRODUCT|EDIT_INPUT|CHANGE PRODUCT|HOVER_ELEMENT|HOVER_LONG PRODUCT|EDIT_INPUT|BLUR PRODUCT|START_INPUT|FOCUS PRODUCT|CHECK_SHIPPING|CLICK PRODUCT|EDIT_INPUT|CHANGE PRODUCT|CHECK_SHIPPING|CLICK PRODUCT|CHECK_SHIPPING|HOVER_SHORT PRODUCT|SCROLL_PRODUCT_DETAIL|SCROLL_LOW PRODUCT|SCROLL_PRODUCT_DETAIL|SCROLL_MID PRODUCT|HOVER_ELEMENT|HOVER_SHORT PRODUCT|SCROLL_PRODUCT_DETAIL|SCROLL_HIGH PRODUCT|HOVER_ELEMENT|HOVER_SHORT PRODUCT|EDIT_INPUT|BLUR PRODUCT|CLICK_ELEMENT|CLICK PRODUCT|HOVER_ELEMENT|HOVER_SHORT PRODUCT|SCROLL_PRODUCT_DETAIL|SCROLL_UNKNOWN PRODUCT|CHECK_SHIPPING|HOVER_SHORT PRODUCT|CLICK_ELEMENT|CLICK PRODUCT|START_INPUT|FOCUS PRODUCT|CLICK_ELEMENT|CLICK PRODUCT|EDIT_INPUT|CHANGE PRODUCT|HOVER_ELEMENT|HOVER_SHORT PRODUCT|EDIT_INPUT|BLUR PRODUCT|CLICK_ELEMENT|CLICK PRODUCT|CLICK_BUY|CLICK PRODUCT|HOVER_ELEMENT|HOVER_SHORT HOME|CHECK_SHIPPING|HOVER_SHORT HOME|HOVER_ELEMENT|HOVER_SHORT HOME|CHECK_SHIPPING|HOVER_SHORT HOME|HOVER_ELEMENT|HOVER_SHORT HOME|CHECK_SHIPPING|HOVER_SHORT
8469ab3f-b84c-445d-916c-076754cdc1b6,-1,0.0,0.3033634424209595,0.400227427482605,62,63,[CLS] HOME|START_SESSION|NONE PRODUCT|SCROLL_PRICE|SCROLL_LOW PRODUCT|SCROLL_PRICE|SCROLL_MID PRODUCT|CHECK_PRICE|HOVER_SHORT PRODUCT|SCROLL_PRICE|SCROLL_MID PRODUCT|CHECK_PRICE|HOVER_SHORT PRODUCT|SCROLL_PRICE|SCROLL_HIGH PRODUCT|CHECK_PRICE|HOVER_SHORT PRODUCT|ADD_CART|HOVER_SHORT PRODUCT|CHECK_PRICE|HOVER_SHORT PRODUCT|CHECK_PRICE|CLICK PRODUCT|CHECK_PRICE|HOVER_SHORT PRODUCT|SCROLL_PRICE|SCROLL_UNKNOWN PRODUCT|CHECK_SHIPPING|HOVER_SHORT PRODUCT|CHECK_PRICE|HOVER_SHORT PRODUCT|CHECK_PRICE|CLICK PRODUCT|CHECK_PRICE|HOVER_SHORT PRODUCT|ADD_CART|HOVER_SHORT PRODUCT|ADD_CART|CLICK PRODUCT|ADD_CART|HOVER_SHORT PRODUCT|VIEW_REVIEW|HOVER_SHORT PRODUCT|VIEW_REVIEW|CLICK PRODUCT|VIEW_REVIEW|HOVER_SHORT PRODUCT|VIEW_REVIEW|CLICK PRODUCT|VIEW_REVIEW|HOVER_SHORT PRODUCT|VIEW_REVIEW|CLICK PRODUCT|VIEW_REVIEW|HOVER_SHORT PRODUCT|VIEW_REVIEW|CLICK PRODUCT|VIEW_REVIEW|HOVER_SHORT PRODUCT|SCROLL_REVIEW|SCROLL_HIGH PRODUCT|CHECK_SIZE|HOVER_SHORT PRODUCT|CHECK_SHIPPING|HOVER_SHORT PRODUCT|VIEW_REVIEW|CLICK PRODUCT|VIEW_REVIEW|HOVER_SHORT PRODUCT|SCROLL_REVIEW|SCROLL_MID PRODUCT|VIEW_REVIEW|HOVER_SHORT PRODUCT|VIEW_REVIEW|CLICK PRODUCT|VIEW_REVIEW|HOVER_SHORT PRODUCT|VIEW_REVIEW|CLICK PRODUCT|VIEW_REVIEW|HOVER_SHORT PRODUCT|VIEW_REVIEW|CLICK PRODUCT|VIEW_REVIEW|HOVER_SHORT PRODUCT|VIEW_REVIEW|CLICK PRODUCT|VIEW_REVIEW|HOVER_SHORT PRODUCT|ADD_CART|CLICK PRODUCT|ADD_CART|HOVER_SHORT PRODUCT|CLICK_BUY|HOVER_SHORT PRODUCT|VIEW_REVIEW|CLICK PRODUCT|VIEW_REVIEW|HOVER_SHORT PRODUCT|ADD_CART|HOVER_SHORT PRODUCT|CHECK_SIZE|HOVER_SHORT PRODUCT|VIEW_REVIEW|CLICK PRODUCT|CLICK_BUY|CLICK HOME|HOVER_ELEMENT|HOVER_SHORT PRODUCT|CHECK_SHIPPING|HOVER_SHORT PRODUCT|HOVER_ELEMENT|HOVER_SHORT PRODUCT|SCROLL_PRODUCT_DETAIL|SCROLL_LOW PRODUCT|SCROLL_PRODUCT_DETAIL|SCROLL_MID PRODUCT|SCROLL_PRODUCT_DETAIL|SCROLL_HIGH PRODUCT|HOVER_ELEMENT|HOVER_SHORT PRODUCT|SCROLL_PRODUCT_DETAIL|SCROLL_HIGH PRODUCT|SCROLL_PRODUCT_DETAIL|SCROLL_MID
05e40e9a-641e-4336-a7e5-883d20c58c33,-1,0.0,-0.5021555423736572,-0.05210007727146149,59,60,[CLS] HOME|START_SESSION|NONE PRODUCT|SCROLL_PRICE|SCROLL_LOW PRODUCT|SCROLL_PRICE|SCROLL_MID PRODUCT|SCROLL_PRICE|SCROLL_HIGH PRODUCT|ADD_CART|HOVER_SHORT PRODUCT|CHECK_PRICE|HOVER_SHORT PRODUCT|ADD_CART|HOVER_SHORT PRODUCT|CHECK_PRICE|HOVER_SHORT PRODUCT|CHECK_PRICE|CLICK PRODUCT|CHECK_PRICE|HOVER_SHORT PRODUCT|SCROLL_PRICE|SCROLL_UNKNOWN PRODUCT|CHECK_SHIPPING|HOVER_SHORT PRODUCT|SCROLL_PRICE|SCROLL_LOW PRODUCT|SCROLL_PRICE|SCROLL_MID PRODUCT|SCROLL_PRICE|SCROLL_HIGH PRODUCT|ADD_CART|CLICK PRODUCT|ADD_CART|HOVER_SHORT PRODUCT|SCROLL_PRICE|SCROLL_UNKNOWN PRODUCT|VIEW_REVIEW|HOVER_SHORT PRODUCT|VIEW_REVIEW|CLICK PRODUCT|VIEW_REVIEW|HOVER_SHORT PRODUCT|ADD_CART|HOVER_SHORT PRODUCT|VIEW_REVIEW|CLICK PRODUCT|VIEW_REVIEW|HOVER_SHORT PRODUCT|CHECK_SIZE|HOVER_SHORT PRODUCT|CHECK_SHIPPING|HOVER_SHORT PRODUCT|CHECK_SIZE|HOVER_SHORT PRODUCT|VIEW_REVIEW|CLICK HOME|VIEW_REVIEW|HOVER_SHORT HOME|CLICK_ELEMENT|CLICK HOME|HOVER_ELEMENT|HOVER_SHORT HOME|CLICK_ELEMENT|CLICK HOME|HOVER_ELEMENT|HOVER_SHORT HOME|ADD_CART|CLICK PRODUCT|ADD_CART|CLICK HOME|ADD_CART|HOVER_SHORT HOME|HOVER_ELEMENT|HOVER_SHORT HOME|CLICK_ELEMENT|CLICK HOME|HOVER_ELEMENT|HOVER_SHORT HOME|TAB_OUT|NONE HOME|INACTIVE|GAP_LONG HOME|TAB_RETURN|GAP_LONG PRODUCT|ADD_CART|HOVER_LONG PRODUCT|ADD_CART|CLICK PRODUCT|ADD_CART|HOVER_SHORT PRODUCT|CHECK_SHIPPING|HOVER_SHORT PRODUCT|CHECK_SIZE|HOVER_SHORT PRODUCT|HOVER_ELEMENT|HOVER_SHORT PRODUCT|CHECK_SIZE|HOVER_SHORT PRODUCT|HOVER_ELEMENT|HOVER_SHORT PRODUCT|CLICK_ELEMENT|CLICK HOME|HOVER_ELEMENT|HOVER_SHORT HOME|CHECK_PRICE|HOVER_SHORT HOME|HOVER_ELEMENT|HOVER_SHORT HOME|CLICK_ELEMENT|CLICK HOME|HOVER_ELEMENT|HOVER_SHORT HOME|CLICK_ELEMENT|CLICK HOME|HOVER_ELEMENT|HOVER_SHORT HOME|CLICK_ELEMENT|CLICK
